setting,gain,seed,heading_index,recalls,attempted
A_speed,1.5,1,0,127,127
A_speed,1.5,1,1,197,197
A_speed,1.5,1,2,167,167
A_speed,1.5,1,3,123,123
A_speed,1.5,1,4,13,13
A_speed,1.5,1,5,88,88
A_speed,1.5,1,6,66,66
A_speed,1.5,1,7,42,42
A_speed,1.5,1,8,46,46
A_speed,1.5,1,9,58,58
A_speed,1.5,1,10,45,45
A_speed,1.5,1,11,55,55
A_speed,1.5,1,12,71,71
A_speed,1.5,1,13,11,11
A_speed,1.5,1,14,67,67
A_speed,1.5,1,15,92,92
A_speed,1.5,2,0,117,117
A_speed,1.5,2,1,194,194
A_speed,1.5,2,2,156,156
A_speed,1.5,2,3,121,121
A_speed,1.5,2,4,17,17
A_speed,1.5,2,5,84,84
A_speed,1.5,2,6,75,75
A_speed,1.5,2,7,57,57
A_speed,1.5,2,8,49,49
A_speed,1.5,2,9,33,33
A_speed,1.5,2,10,2,4
A_speed,1.5,2,11,62,62
A_speed,1.5,2,12,51,51
A_speed,1.5,2,13,12,13
A_speed,1.5,2,14,90,90
A_speed,1.5,2,15,95,95
A_speed,1.5,3,0,135,135
A_speed,1.5,3,1,195,195
A_speed,1.5,3,2,163,163
A_speed,1.5,3,3,17,17
A_speed,1.5,3,4,13,13
A_speed,1.5,3,5,66,66
A_speed,1.5,3,6,65,65
A_speed,1.5,3,7,52,52
A_speed,1.5,3,8,61,61
A_speed,1.5,3,9,0,3
A_speed,1.5,3,10,33,33
A_speed,1.5,3,11,63,63
A_speed,1.5,3,12,71,71
A_speed,1.5,3,13,13,13
A_speed,1.5,3,14,83,83
A_speed,1.5,3,15,82,82
A_speed,1.5,4,0,134,134
A_speed,1.5,4,1,199,199
A_speed,1.5,4,2,169,169
A_speed,1.5,4,3,26,26
A_speed,1.5,4,4,87,87
A_speed,1.5,4,5,63,63
A_speed,1.5,4,6,77,77
A_speed,1.5,4,7,45,45
A_speed,1.5,4,8,38,38
A_speed,1.5,4,9,43,43
A_speed,1.5,4,10,33,33
A_speed,1.5,4,11,65,65
A_speed,1.5,4,12,10,10
A_speed,1.5,4,13,15,15
A_speed,1.5,4,14,79,79
A_speed,1.5,4,15,91,91
A_speed,1.5,5,0,116,116
A_speed,1.5,5,1,194,194
A_speed,1.5,5,2,148,148
A_speed,1.5,5,3,117,117
A_speed,1.5,5,4,23,23
A_speed,1.5,5,5,92,92
A_speed,1.5,5,6,62,62
A_speed,1.5,5,7,56,56
A_speed,1.5,5,8,54,54
A_speed,1.5,5,9,38,38
A_speed,1.5,5,10,4,7
A_speed,1.5,5,11,62,62
A_speed,1.5,5,12,72,72
A_speed,1.5,5,13,14,14
A_speed,1.5,5,14,6,8
A_speed,1.5,5,15,96,96
A_speed,1.5,6,0,139,139
A_speed,1.5,6,1,194,194
A_speed,1.5,6,2,151,151
A_speed,1.5,6,3,127,127
A_speed,1.5,6,4,20,20
A_speed,1.5,6,5,70,70
A_speed,1.5,6,6,73,73
A_speed,1.5,6,7,27,27
A_speed,1.5,6,8,19,19
A_speed,1.5,6,9,19,19
A_speed,1.5,6,10,26,26
A_speed,1.5,6,11,62,62
A_speed,1.5,6,12,66,66
A_speed,1.5,6,13,9,10
A_speed,1.5,6,14,88,88
A_speed,1.5,6,15,94,94
A_speed,1.5,7,0,142,142
A_speed,1.5,7,1,198,198
A_speed,1.5,7,2,164,164
A_speed,1.5,7,3,126,126
A_speed,1.5,7,4,92,92
A_speed,1.5,7,5,90,90
A_speed,1.5,7,6,77,77
A_speed,1.5,7,7,49,49
A_speed,1.5,7,8,52,52
A_speed,1.5,7,9,44,44
A_speed,1.5,7,10,58,58
A_speed,1.5,7,11,63,63
A_speed,1.5,7,12,9,9
A_speed,1.5,7,13,13,13
A_speed,1.5,7,14,90,90
A_speed,1.5,7,15,83,83
A_speed,1.5,8,0,148,148
A_speed,1.5,8,1,175,175
A_speed,1.5,8,2,105,105
A_speed,1.5,8,3,122,122
A_speed,1.5,8,4,89,89
A_speed,1.5,8,5,99,99
A_speed,1.5,8,6,65,65
A_speed,1.5,8,7,63,63
A_speed,1.5,8,8,55,55
A_speed,1.5,8,9,48,48
A_speed,1.5,8,10,43,43
A_speed,1.5,8,11,58,58
A_speed,1.5,8,12,10,10
A_speed,1.5,8,13,15,15
A_speed,1.5,8,14,87,87
A_speed,1.5,8,15,84,84
A_speed,1.5,9,0,125,125
A_speed,1.5,9,1,196,196
A_speed,1.5,9,2,164,164
A_speed,1.5,9,3,127,127
A_speed,1.5,9,4,107,107
A_speed,1.5,9,5,91,91
A_speed,1.5,9,6,78,78
A_speed,1.5,9,7,46,46
A_speed,1.5,9,8,51,51
A_speed,1.5,9,9,44,44
A_speed,1.5,9,10,25,26
A_speed,1.5,9,11,68,68
A_speed,1.5,9,12,8,9
A_speed,1.5,9,13,9,10
A_speed,1.5,9,14,32,32
A_speed,1.5,9,15,84,84
A_speed,1.5,10,0,120,120
A_speed,1.5,10,1,196,196
A_speed,1.5,10,2,163,163
A_speed,1.5,10,3,127,127
A_speed,1.5,10,4,13,14
A_speed,1.5,10,5,77,77
A_speed,1.5,10,6,59,59
A_speed,1.5,10,7,58,58
A_speed,1.5,10,8,58,58
A_speed,1.5,10,9,45,45
A_speed,1.5,10,10,49,49
A_speed,1.5,10,11,58,58
A_speed,1.5,10,12,51,51
A_speed,1.5,10,13,13,13
A_speed,1.5,10,14,83,83
A_speed,1.5,10,15,96,96
A_speed,1.5,11,0,120,120
A_speed,1.5,11,1,197,197
A_speed,1.5,11,2,162,162
A_speed,1.5,11,3,125,125
A_speed,1.5,11,4,12,13
A_speed,1.5,11,5,78,78
A_speed,1.5,11,6,53,53
A_speed,1.5,11,7,53,53
A_speed,1.5,11,8,59,59
A_speed,1.5,11,9,30,30
A_speed,1.5,11,10,58,58
A_speed,1.5,11,11,64,64
A_speed,1.5,11,12,70,70
A_speed,1.5,11,13,13,13
A_speed,1.5,11,14,85,85
A_speed,1.5,11,15,88,88
A_speed,1.5,12,0,120,120
A_speed,1.5,12,1,195,195
A_speed,1.5,12,2,162,162
A_speed,1.5,12,3,127,127
A_speed,1.5,12,4,103,103
A_speed,1.5,12,5,76,76
A_speed,1.5,12,6,77,77
A_speed,1.5,12,7,23,23
A_speed,1.5,12,8,50,50
A_speed,1.5,12,9,36,36
A_speed,1.5,12,10,58,58
A_speed,1.5,12,11,56,56
A_speed,1.5,12,12,13,14
A_speed,1.5,12,13,10,10
A_speed,1.5,12,14,62,62
A_speed,1.5,12,15,86,86
A_speed,1.5,13,0,114,114
A_speed,1.5,13,1,196,196
A_speed,1.5,13,2,160,160
A_speed,1.5,13,3,123,123
A_speed,1.5,13,4,49,50
A_speed,1.5,13,5,0,4
A_speed,1.5,13,6,82,82
A_speed,1.5,13,7,8,9
A_speed,1.5,13,8,4,6
A_speed,1.5,13,9,4,6
A_speed,1.5,13,10,35,35
A_speed,1.5,13,11,55,56
A_speed,1.5,13,12,9,10
A_speed,1.5,13,13,10,10
A_speed,1.5,13,14,20,21
A_speed,1.5,13,15,101,101
A_speed,1.5,14,0,124,124
A_speed,1.5,14,1,192,192
A_speed,1.5,14,2,158,158
A_speed,1.5,14,3,14,14
A_speed,1.5,14,4,88,88
A_speed,1.5,14,5,75,75
A_speed,1.5,14,6,61,61
A_speed,1.5,14,7,40,40
A_speed,1.5,14,8,45,45
A_speed,1.5,14,9,24,24
A_speed,1.5,14,10,23,23
A_speed,1.5,14,11,62,62
A_speed,1.5,14,12,12,12
A_speed,1.5,14,13,15,15
A_speed,1.5,14,14,75,75
A_speed,1.5,14,15,109,109
A_speed,1.5,15,0,124,124
A_speed,1.5,15,1,196,196
A_speed,1.5,15,2,165,165
A_speed,1.5,15,3,125,125
A_speed,1.5,15,4,86,86
A_speed,1.5,15,5,92,92
A_speed,1.5,15,6,78,78
A_speed,1.5,15,7,54,54
A_speed,1.5,15,8,25,25
A_speed,1.5,15,9,30,30
A_speed,1.5,15,10,24,24
A_speed,1.5,15,11,59,59
A_speed,1.5,15,12,11,11
A_speed,1.5,15,13,10,11
A_speed,1.5,15,14,85,85
A_speed,1.5,15,15,101,101
A_speed,1.5,16,0,116,116
A_speed,1.5,16,1,194,194
A_speed,1.5,16,2,167,167
A_speed,1.5,16,3,125,125
A_speed,1.5,16,4,16,16
A_speed,1.5,16,5,92,92
A_speed,1.5,16,6,42,42
A_speed,1.5,16,7,57,57
A_speed,1.5,16,8,58,58
A_speed,1.5,16,9,47,47
A_speed,1.5,16,10,56,56
A_speed,1.5,16,11,68,68
A_speed,1.5,16,12,62,62
A_speed,1.5,16,13,12,12
A_speed,1.5,16,14,88,88
A_speed,1.5,16,15,99,99
A_speed,1.5,17,0,147,147
A_speed,1.5,17,1,194,194
A_speed,1.5,17,2,163,163
A_speed,1.5,17,3,127,127
A_speed,1.5,17,4,14,14
A_speed,1.5,17,5,76,76
A_speed,1.5,17,6,68,68
A_speed,1.5,17,7,58,58
A_speed,1.5,17,8,42,42
A_speed,1.5,17,9,23,23
A_speed,1.5,17,10,56,56
A_speed,1.5,17,11,58,58
A_speed,1.5,17,12,63,63
A_speed,1.5,17,13,13,13
A_speed,1.5,17,14,92,92
A_speed,1.5,17,15,86,86
A_speed,1.5,18,0,136,136
A_speed,1.5,18,1,194,194
A_speed,1.5,18,2,159,159
A_speed,1.5,18,3,117,117
A_speed,1.5,18,4,71,71
A_speed,1.5,18,5,74,74
A_speed,1.5,18,6,60,60
A_speed,1.5,18,7,53,53
A_speed,1.5,18,8,62,62
A_speed,1.5,18,9,46,46
A_speed,1.5,18,10,51,51
A_speed,1.5,18,11,61,61
A_speed,1.5,18,12,12,12
A_speed,1.5,18,13,10,11
A_speed,1.5,18,14,85,85
A_speed,1.5,18,15,101,101
A_speed,1.5,19,0,122,122
A_speed,1.5,19,1,196,196
A_speed,1.5,19,2,168,168
A_speed,1.5,19,3,130,130
A_speed,1.5,19,4,88,88
A_speed,1.5,19,5,78,78
A_speed,1.5,19,6,61,61
A_speed,1.5,19,7,56,56
A_speed,1.5,19,8,57,57
A_speed,1.5,19,9,43,43
A_speed,1.5,19,10,47,47
A_speed,1.5,19,11,65,65
A_speed,1.5,19,12,74,74
A_speed,1.5,19,13,11,12
A_speed,1.5,19,14,65,65
A_speed,1.5,19,15,93,93
A_speed,1.5,20,0,117,117
A_speed,1.5,20,1,195,195
A_speed,1.5,20,2,165,165
A_speed,1.5,20,3,123,123
A_speed,1.5,20,4,17,17
A_speed,1.5,20,5,89,89
A_speed,1.5,20,6,71,71
A_speed,1.5,20,7,61,61
A_speed,1.5,20,8,52,52
A_speed,1.5,20,9,37,37
A_speed,1.5,20,10,42,42
A_speed,1.5,20,11,62,62
A_speed,1.5,20,12,63,63
A_speed,1.5,20,13,13,13
A_speed,1.5,20,14,72,72
A_speed,1.5,20,15,96,96
A_speed,1.5,21,0,116,116
A_speed,1.5,21,1,195,195
A_speed,1.5,21,2,163,163
A_speed,1.5,21,3,127,127
A_speed,1.5,21,4,21,21
A_speed,1.5,21,5,9,11
A_speed,1.5,21,6,71,71
A_speed,1.5,21,7,39,39
A_speed,1.5,21,8,64,64
A_speed,1.5,21,9,52,52
A_speed,1.5,21,10,54,54
A_speed,1.5,21,11,65,65
A_speed,1.5,21,12,65,65
A_speed,1.5,21,13,12,12
A_speed,1.5,21,14,62,62
A_speed,1.5,21,15,95,95
A_speed,1.5,22,0,131,131
A_speed,1.5,22,1,196,196
A_speed,1.5,22,2,166,166
A_speed,1.5,22,3,127,127
A_speed,1.5,22,4,16,16
A_speed,1.5,22,5,84,84
A_speed,1.5,22,6,66,66
A_speed,1.5,22,7,52,52
A_speed,1.5,22,8,14,15
A_speed,1.5,22,9,46,46
A_speed,1.5,22,10,69,69
A_speed,1.5,22,11,62,62
A_speed,1.5,22,12,62,62
A_speed,1.5,22,13,12,12
A_speed,1.5,22,14,83,83
A_speed,1.5,22,15,97,97
A_speed,1.5,23,0,134,134
A_speed,1.5,23,1,199,199
A_speed,1.5,23,2,161,161
A_speed,1.5,23,3,126,126
A_speed,1.5,23,4,19,19
A_speed,1.5,23,5,87,87
A_speed,1.5,23,6,66,66
A_speed,1.5,23,7,38,38
A_speed,1.5,23,8,55,55
A_speed,1.5,23,9,19,19
A_speed,1.5,23,10,39,39
A_speed,1.5,23,11,65,65
A_speed,1.5,23,12,64,64
A_speed,1.5,23,13,14,14
A_speed,1.5,23,14,80,80
A_speed,1.5,23,15,90,90
A_speed,1.5,24,0,123,123
A_speed,1.5,24,1,193,193
A_speed,1.5,24,2,161,161
A_speed,1.5,24,3,124,124
A_speed,1.5,24,4,14,14
A_speed,1.5,24,5,85,85
A_speed,1.5,24,6,80,80
A_speed,1.5,24,7,52,52
A_speed,1.5,24,8,68,68
A_speed,1.5,24,9,35,35
A_speed,1.5,24,10,54,54
A_speed,1.5,24,11,62,62
A_speed,1.5,24,12,66,66
A_speed,1.5,24,13,12,12
A_speed,1.5,24,14,10,11
A_speed,1.5,24,15,93,93
A_speed,1.5,25,0,130,130
A_speed,1.5,25,1,193,193
A_speed,1.5,25,2,166,166
A_speed,1.5,25,3,130,130
A_speed,1.5,25,4,96,96
A_speed,1.5,25,5,93,93
A_speed,1.5,25,6,71,71
A_speed,1.5,25,7,48,48
A_speed,1.5,25,8,47,47
A_speed,1.5,25,9,17,17
A_speed,1.5,25,10,24,24
A_speed,1.5,25,11,52,52
A_speed,1.5,25,12,9,9
A_speed,1.5,25,13,12,12
A_speed,1.5,25,14,69,69
A_speed,1.5,25,15,83,83
A_speed,1.5,26,0,122,122
A_speed,1.5,26,1,191,191
A_speed,1.5,26,2,157,157
A_speed,1.5,26,3,130,130
A_speed,1.5,26,4,90,90
A_speed,1.5,26,5,97,97
A_speed,1.5,26,6,66,66
A_speed,1.5,26,7,61,61
A_speed,1.5,26,8,53,53
A_speed,1.5,26,9,48,48
A_speed,1.5,26,10,43,43
A_speed,1.5,26,11,53,53
A_speed,1.5,26,12,11,11
A_speed,1.5,26,13,15,15
A_speed,1.5,26,14,69,69
A_speed,1.5,26,15,96,96
A_speed,1.5,27,0,124,124
A_speed,1.5,27,1,196,196
A_speed,1.5,27,2,148,148
A_speed,1.5,27,3,21,21
A_speed,1.5,27,4,17,17
A_speed,1.5,27,5,82,82
A_speed,1.5,27,6,75,75
A_speed,1.5,27,7,55,55
A_speed,1.5,27,8,48,48
A_speed,1.5,27,9,45,45
A_speed,1.5,27,10,52,52
A_speed,1.5,27,11,44,45
A_speed,1.5,27,12,44,45
A_speed,1.5,27,13,10,10
A_speed,1.5,27,14,83,83
A_speed,1.5,27,15,94,94
A_speed,1.5,28,0,112,112
A_speed,1.5,28,1,197,197
A_speed,1.5,28,2,164,164
A_speed,1.5,28,3,129,129
A_speed,1.5,28,4,91,91
A_speed,1.5,28,5,76,76
A_speed,1.5,28,6,65,65
A_speed,1.5,28,7,35,35
A_speed,1.5,28,8,57,57
A_speed,1.5,28,9,40,40
A_speed,1.5,28,10,70,70
A_speed,1.5,28,11,65,65
A_speed,1.5,28,12,10,11
A_speed,1.5,28,13,12,12
A_speed,1.5,28,14,7,9
A_speed,1.5,28,15,80,80
A_speed,1.5,29,0,141,141
A_speed,1.5,29,1,196,196
A_speed,1.5,29,2,164,164
A_speed,1.5,29,3,129,129
A_speed,1.5,29,4,90,90
A_speed,1.5,29,5,46,46
A_speed,1.5,29,6,73,73
A_speed,1.5,29,7,53,53
A_speed,1.5,29,8,57,57
A_speed,1.5,29,9,37,37
A_speed,1.5,29,10,58,58
A_speed,1.5,29,11,47,47
A_speed,1.5,29,12,11,11
A_speed,1.5,29,13,11,11
A_speed,1.5,29,14,92,92
A_speed,1.5,29,15,94,94
A_speed,1.5,30,0,124,124
A_speed,1.5,30,1,197,197
A_speed,1.5,30,2,165,165
A_speed,1.5,30,3,126,126
A_speed,1.5,30,4,14,15
A_speed,1.5,30,5,87,87
A_speed,1.5,30,6,67,67
A_speed,1.5,30,7,59,59
A_speed,1.5,30,8,58,58
A_speed,1.5,30,9,48,48
A_speed,1.5,30,10,54,54
A_speed,1.5,30,11,53,53
A_speed,1.5,30,12,70,70
A_speed,1.5,30,13,13,13
A_speed,1.5,30,14,85,85
A_speed,1.5,30,15,72,72
A_turn,1.5,1,0,149,149
A_turn,1.5,1,1,160,160
A_turn,1.5,1,2,155,155
A_turn,1.5,1,3,136,136
A_turn,1.5,1,4,14,14
A_turn,1.5,1,5,42,43
A_turn,1.5,1,6,49,49
A_turn,1.5,1,7,64,64
A_turn,1.5,1,8,52,52
A_turn,1.5,1,9,8,9
A_turn,1.5,1,10,1,5
A_turn,1.5,1,11,56,56
A_turn,1.5,1,12,55,55
A_turn,1.5,1,13,6,8
A_turn,1.5,1,14,1,5
A_turn,1.5,1,15,108,108
A_turn,1.5,2,0,151,151
A_turn,1.5,2,1,155,155
A_turn,1.5,2,2,153,153
A_turn,1.5,2,3,143,143
A_turn,1.5,2,4,15,15
A_turn,1.5,2,5,70,70
A_turn,1.5,2,6,0,4
A_turn,1.5,2,7,60,60
A_turn,1.5,2,8,45,45
A_turn,1.5,2,9,40,40
A_turn,1.5,2,10,27,27
A_turn,1.5,2,11,63,63
A_turn,1.5,2,12,47,47
A_turn,1.5,2,13,13,13
A_turn,1.5,2,14,82,82
A_turn,1.5,2,15,110,110
A_turn,1.5,3,0,149,149
A_turn,1.5,3,1,141,141
A_turn,1.5,3,2,153,153
A_turn,1.5,3,3,16,16
A_turn,1.5,3,4,17,17
A_turn,1.5,3,5,79,79
A_turn,1.5,3,6,42,43
A_turn,1.5,3,7,61,61
A_turn,1.5,3,8,37,37
A_turn,1.5,3,9,0,3
A_turn,1.5,3,10,30,31
A_turn,1.5,3,11,52,52
A_turn,1.5,3,12,63,63
A_turn,1.5,3,13,10,11
A_turn,1.5,3,14,83,83
A_turn,1.5,3,15,103,103
A_turn,1.5,4,0,150,150
A_turn,1.5,4,1,148,148
A_turn,1.5,4,2,156,156
A_turn,1.5,4,3,30,30
A_turn,1.5,4,4,87,87
A_turn,1.5,4,5,81,81
A_turn,1.5,4,6,63,63
A_turn,1.5,4,7,33,33
A_turn,1.5,4,8,28,28
A_turn,1.5,4,9,48,48
A_turn,1.5,4,10,56,56
A_turn,1.5,4,11,52,52
A_turn,1.5,4,12,8,8
A_turn,1.5,4,13,12,12
A_turn,1.5,4,14,91,91
A_turn,1.5,4,15,109,109
A_turn,1.5,5,0,131,131
A_turn,1.5,5,1,175,175
A_turn,1.5,5,2,120,120
A_turn,1.5,5,3,129,129
A_turn,1.5,5,4,15,15
A_turn,1.5,5,5,71,71
A_turn,1.5,5,6,70,70
A_turn,1.5,5,7,8,8
A_turn,1.5,5,8,19,19
A_turn,1.5,5,9,39,39
A_turn,1.5,5,10,0,4
A_turn,1.5,5,11,61,61
A_turn,1.5,5,12,66,66
A_turn,1.5,5,13,14,14
A_turn,1.5,5,14,75,75
A_turn,1.5,5,15,108,108
A_turn,1.5,6,0,141,141
A_turn,1.5,6,1,162,162
A_turn,1.5,6,2,154,154
A_turn,1.5,6,3,119,119
A_turn,1.5,6,4,17,17
A_turn,1.5,6,5,71,71
A_turn,1.5,6,6,57,57
A_turn,1.5,6,7,2,5
A_turn,1.5,6,8,37,37
A_turn,1.5,6,9,61,61
A_turn,1.5,6,10,72,72
A_turn,1.5,6,11,8,9
A_turn,1.5,6,12,9,12
A_turn,1.5,6,13,10,11
A_turn,1.5,6,14,90,90
A_turn,1.5,6,15,96,96
A_turn,1.5,7,0,140,140
A_turn,1.5,7,1,152,152
A_turn,1.5,7,2,158,158
A_turn,1.5,7,3,138,138
A_turn,1.5,7,4,88,88
A_turn,1.5,7,5,74,74
A_turn,1.5,7,6,68,68
A_turn,1.5,7,7,42,42
A_turn,1.5,7,8,50,50
A_turn,1.5,7,9,48,48
A_turn,1.5,7,10,57,57
A_turn,1.5,7,11,56,56
A_turn,1.5,7,12,67,67
A_turn,1.5,7,13,9,11
A_turn,1.5,7,14,86,86
A_turn,1.5,7,15,114,114
A_turn,1.5,8,0,125,125
A_turn,1.5,8,1,167,167
A_turn,1.5,8,2,156,156
A_turn,1.5,8,3,129,129
A_turn,1.5,8,4,1,5
A_turn,1.5,8,5,0,4
A_turn,1.5,8,6,0,4
A_turn,1.5,8,7,58,58
A_turn,1.5,8,8,53,53
A_turn,1.5,8,9,18,18
A_turn,1.5,8,10,37,37
A_turn,1.5,8,11,58,58
A_turn,1.5,8,12,9,10
A_turn,1.5,8,13,9,11
A_turn,1.5,8,14,73,73
A_turn,1.5,8,15,92,92
A_turn,1.5,9,0,150,150
A_turn,1.5,9,1,157,157
A_turn,1.5,9,2,152,152
A_turn,1.5,9,3,135,135
A_turn,1.5,9,4,95,95
A_turn,1.5,9,5,87,87
A_turn,1.5,9,6,1,5
A_turn,1.5,9,7,53,53
A_turn,1.5,9,8,48,48
A_turn,1.5,9,9,55,55
A_turn,1.5,9,10,0,4
A_turn,1.5,9,11,53,53
A_turn,1.5,9,12,13,13
A_turn,1.5,9,13,12,12
A_turn,1.5,9,14,47,47
A_turn,1.5,9,15,77,77
A_turn,1.5,10,0,150,150
A_turn,1.5,10,1,156,156
A_turn,1.5,10,2,151,151
A_turn,1.5,10,3,142,142
A_turn,1.5,10,4,15,15
A_turn,1.5,10,5,80,80
A_turn,1.5,10,6,72,72
A_turn,1.5,10,7,53,53
A_turn,1.5,10,8,62,62
A_turn,1.5,10,9,56,56
A_turn,1.5,10,10,57,57
A_turn,1.5,10,11,64,64
A_turn,1.5,10,12,55,56
A_turn,1.5,10,13,9,10
A_turn,1.5,10,14,82,82
A_turn,1.5,10,15,108,108
A_turn,1.5,11,0,153,153
A_turn,1.5,11,1,155,155
A_turn,1.5,11,2,158,158
A_turn,1.5,11,3,128,128
A_turn,1.5,11,4,12,13
A_turn,1.5,11,5,92,92
A_turn,1.5,11,6,64,64
A_turn,1.5,11,7,50,50
A_turn,1.5,11,8,53,53
A_turn,1.5,11,9,47,47
A_turn,1.5,11,10,57,57
A_turn,1.5,11,11,65,65
A_turn,1.5,11,12,68,68
A_turn,1.5,11,13,11,11
A_turn,1.5,11,14,83,83
A_turn,1.5,11,15,1,4
A_turn,1.5,12,0,147,147
A_turn,1.5,12,1,170,170
A_turn,1.5,12,2,151,151
A_turn,1.5,12,3,141,141
A_turn,1.5,12,4,94,94
A_turn,1.5,12,5,77,77
A_turn,1.5,12,6,47,47
A_turn,1.5,12,7,61,61
A_turn,1.5,12,8,65,65
A_turn,1.5,12,9,38,38
A_turn,1.5,12,10,65,65
A_turn,1.5,12,11,49,49
A_turn,1.5,12,12,69,69
A_turn,1.5,12,13,11,12
A_turn,1.5,12,14,85,85
A_turn,1.5,12,15,1,5
A_turn,1.5,13,0,148,148
A_turn,1.5,13,1,147,147
A_turn,1.5,13,2,159,159
A_turn,1.5,13,3,134,134
A_turn,1.5,13,4,3,6
A_turn,1.5,13,5,1,4
A_turn,1.5,13,6,69,69
A_turn,1.5,13,7,41,42
A_turn,1.5,13,8,6,7
A_turn,1.5,13,9,3,6
A_turn,1.5,13,10,44,44
A_turn,1.5,13,11,58,58
A_turn,1.5,13,12,5,7
A_turn,1.5,13,13,12,13
A_turn,1.5,13,14,2,5
A_turn,1.5,13,15,112,112
A_turn,1.5,14,0,153,153
A_turn,1.5,14,1,139,139
A_turn,1.5,14,2,155,155
A_turn,1.5,14,3,20,20
A_turn,1.5,14,4,82,82
A_turn,1.5,14,5,92,92
A_turn,1.5,14,6,71,71
A_turn,1.5,14,7,54,54
A_turn,1.5,14,8,25,25
A_turn,1.5,14,9,4,5
A_turn,1.5,14,10,3,5
A_turn,1.5,14,11,59,59
A_turn,1.5,14,12,8,9
A_turn,1.5,14,13,10,11
A_turn,1.5,14,14,79,79
A_turn,1.5,14,15,106,106
A_turn,1.5,15,0,149,149
A_turn,1.5,15,1,154,154
A_turn,1.5,15,2,153,153
A_turn,1.5,15,3,129,129
A_turn,1.5,15,4,92,92
A_turn,1.5,15,5,91,91
A_turn,1.5,15,6,68,68
A_turn,1.5,15,7,56,56
A_turn,1.5,15,8,48,48
A_turn,1.5,15,9,41,41
A_turn,1.5,15,10,61,61
A_turn,1.5,15,11,63,63
A_turn,1.5,15,12,74,74
A_turn,1.5,15,13,9,9
A_turn,1.5,15,14,87,87
A_turn,1.5,15,15,115,115
A_turn,1.5,16,0,154,154
A_turn,1.5,16,1,144,144
A_turn,1.5,16,2,154,154
A_turn,1.5,16,3,116,116
A_turn,1.5,16,4,18,18
A_turn,1.5,16,5,74,74
A_turn,1.5,16,6,3,5
A_turn,1.5,16,7,7,8
A_turn,1.5,16,8,2,5
A_turn,1.5,16,9,44,44
A_turn,1.5,16,10,37,37
A_turn,1.5,16,11,46,46
A_turn,1.5,16,12,59,59
A_turn,1.5,16,13,14,14
A_turn,1.5,16,14,87,87
A_turn,1.5,16,15,108,108
A_turn,1.5,17,0,147,147
A_turn,1.5,17,1,149,149
A_turn,1.5,17,2,158,158
A_turn,1.5,17,3,140,140
A_turn,1.5,17,4,17,17
A_turn,1.5,17,5,90,90
A_turn,1.5,17,6,67,67
A_turn,1.5,17,7,62,62
A_turn,1.5,17,8,22,23
A_turn,1.5,17,9,30,30
A_turn,1.5,17,10,56,56
A_turn,1.5,17,11,57,57
A_turn,1.5,17,12,39,39
A_turn,1.5,17,13,7,9
A_turn,1.5,17,14,84,84
A_turn,1.5,17,15,0,4
A_turn,1.5,18,0,142,142
A_turn,1.5,18,1,149,149
A_turn,1.5,18,2,145,145
A_turn,1.5,18,3,134,134
A_turn,1.5,18,4,90,90
A_turn,1.5,18,5,87,87
A_turn,1.5,18,6,55,55
A_turn,1.5,18,7,42,42
A_turn,1.5,18,8,56,56
A_turn,1.5,18,9,44,44
A_turn,1.5,18,10,44,44
A_turn,1.5,18,11,61,61
A_turn,1.5,18,12,8,9
A_turn,1.5,18,13,10,10
A_turn,1.5,18,14,86,86
A_turn,1.5,18,15,2,5
A_turn,1.5,19,0,152,152
A_turn,1.5,19,1,145,145
A_turn,1.5,19,2,150,150
A_turn,1.5,19,3,130,130
A_turn,1.5,19,4,100,100
A_turn,1.5,19,5,79,79
A_turn,1.5,19,6,71,71
A_turn,1.5,19,7,58,58
A_turn,1.5,19,8,30,30
A_turn,1.5,19,9,32,33
A_turn,1.5,19,10,54,54
A_turn,1.5,19,11,55,55
A_turn,1.5,19,12,43,43
A_turn,1.5,19,13,9,10
A_turn,1.5,19,14,79,79
A_turn,1.5,19,15,109,109
A_turn,1.5,20,0,148,148
A_turn,1.5,20,1,168,168
A_turn,1.5,20,2,143,143
A_turn,1.5,20,3,138,138
A_turn,1.5,20,4,15,16
A_turn,1.5,20,5,0,4
A_turn,1.5,20,6,61,61
A_turn,1.5,20,7,55,55
A_turn,1.5,20,8,56,56
A_turn,1.5,20,9,3,5
A_turn,1.5,20,10,0,4
A_turn,1.5,20,11,62,62
A_turn,1.5,20,12,67,67
A_turn,1.5,20,13,6,8
A_turn,1.5,20,14,92,92
A_turn,1.5,20,15,109,109
A_turn,1.5,21,0,149,149
A_turn,1.5,21,1,159,159
A_turn,1.5,21,2,160,160
A_turn,1.5,21,3,132,132
A_turn,1.5,21,4,12,13
A_turn,1.5,21,5,81,81
A_turn,1.5,21,6,60,60
A_turn,1.5,21,7,62,62
A_turn,1.5,21,8,17,18
A_turn,1.5,21,9,48,48
A_turn,1.5,21,10,59,59
A_turn,1.5,21,11,50,51
A_turn,1.5,21,12,67,67
A_turn,1.5,21,13,12,12
A_turn,1.5,21,14,89,89
A_turn,1.5,21,15,1,5
A_turn,1.5,22,0,150,150
A_turn,1.5,22,1,153,153
A_turn,1.5,22,2,152,152
A_turn,1.5,22,3,136,136
A_turn,1.5,22,4,13,14
A_turn,1.5,22,5,70,70
A_turn,1.5,22,6,54,54
A_turn,1.5,22,7,57,57
A_turn,1.5,22,8,52,52
A_turn,1.5,22,9,31,31
A_turn,1.5,22,10,52,52
A_turn,1.5,22,11,46,46
A_turn,1.5,22,12,65,65
A_turn,1.5,22,13,8,8
A_turn,1.5,22,14,66,66
A_turn,1.5,22,15,100,100
A_turn,1.5,23,0,145,145
A_turn,1.5,23,1,148,148
A_turn,1.5,23,2,135,135
A_turn,1.5,23,3,133,133
A_turn,1.5,23,4,19,19
A_turn,1.5,23,5,3,6
A_turn,1.5,23,6,41,41
A_turn,1.5,23,7,61,61
A_turn,1.5,23,8,61,61
A_turn,1.5,23,9,3,5
A_turn,1.5,23,10,4,7
A_turn,1.5,23,11,69,69
A_turn,1.5,23,12,68,68
A_turn,1.5,23,13,12,12
A_turn,1.5,23,14,91,91
A_turn,1.5,23,15,107,107
A_turn,1.5,24,0,129,129
A_turn,1.5,24,1,157,157
A_turn,1.5,24,2,155,155
A_turn,1.5,24,3,140,140
A_turn,1.5,24,4,15,15
A_turn,1.5,24,5,3,6
A_turn,1.5,24,6,65,65
A_turn,1.5,24,7,54,54
A_turn,1.5,24,8,62,62
A_turn,1.5,24,9,23,23
A_turn,1.5,24,10,28,28
A_turn,1.5,24,11,47,47
A_turn,1.5,24,12,61,61
A_turn,1.5,24,13,13,13
A_turn,1.5,24,14,45,45
A_turn,1.5,24,15,110,110
A_turn,1.5,25,0,148,148
A_turn,1.5,25,1,149,149
A_turn,1.5,25,2,155,155
A_turn,1.5,25,3,138,138
A_turn,1.5,25,4,83,83
A_turn,1.5,25,5,74,74
A_turn,1.5,25,6,64,64
A_turn,1.5,25,7,50,50
A_turn,1.5,25,8,53,53
A_turn,1.5,25,9,47,47
A_turn,1.5,25,10,56,56
A_turn,1.5,25,11,57,57
A_turn,1.5,25,12,11,11
A_turn,1.5,25,13,10,10
A_turn,1.5,25,14,54,54
A_turn,1.5,25,15,110,110
A_turn,1.5,26,0,151,151
A_turn,1.5,26,1,151,151
A_turn,1.5,26,2,156,156
A_turn,1.5,26,3,131,131
A_turn,1.5,26,4,43,43
A_turn,1.5,26,5,83,83
A_turn,1.5,26,6,69,69
A_turn,1.5,26,7,67,67
A_turn,1.5,26,8,65,65
A_turn,1.5,26,9,6,7
A_turn,1.5,26,10,17,17
A_turn,1.5,26,11,55,55
A_turn,1.5,26,12,8,9
A_turn,1.5,26,13,11,11
A_turn,1.5,26,14,81,81
A_turn,1.5,26,15,110,110
A_turn,1.5,27,0,139,139
A_turn,1.5,27,1,165,165
A_turn,1.5,27,2,157,157
A_turn,1.5,27,3,16,16
A_turn,1.5,27,4,9,11
A_turn,1.5,27,5,81,81
A_turn,1.5,27,6,27,27
A_turn,1.5,27,7,6,8
A_turn,1.5,27,8,10,11
A_turn,1.5,27,9,57,57
A_turn,1.5,27,10,68,68
A_turn,1.5,27,11,1,4
A_turn,1.5,27,12,0,4
A_turn,1.5,27,13,12,12
A_turn,1.5,27,14,88,88
A_turn,1.5,27,15,15,16
A_turn,1.5,28,0,144,144
A_turn,1.5,28,1,159,159
A_turn,1.5,28,2,147,147
A_turn,1.5,28,3,115,115
A_turn,1.5,28,4,2,5
A_turn,1.5,28,5,61,61
A_turn,1.5,28,6,55,55
A_turn,1.5,28,7,55,55
A_turn,1.5,28,8,62,62
A_turn,1.5,28,9,33,33
A_turn,1.5,28,10,3,5
A_turn,1.5,28,11,58,58
A_turn,1.5,28,12,8,9
A_turn,1.5,28,13,10,11
A_turn,1.5,28,14,62,62
A_turn,1.5,28,15,108,108
A_turn,1.5,29,0,127,127
A_turn,1.5,29,1,153,153
A_turn,1.5,29,2,160,160
A_turn,1.5,29,3,136,136
A_turn,1.5,29,4,44,44
A_turn,1.5,29,5,34,36
A_turn,1.5,29,6,52,52
A_turn,1.5,29,7,66,66
A_turn,1.5,29,8,3,5
A_turn,1.5,29,9,8,9
A_turn,1.5,29,10,1,4
A_turn,1.5,29,11,28,28
A_turn,1.5,29,12,8,8
A_turn,1.5,29,13,7,7
A_turn,1.5,29,14,28,28
A_turn,1.5,29,15,108,108
A_turn,1.5,30,0,135,135
A_turn,1.5,30,1,153,153
A_turn,1.5,30,2,156,156
A_turn,1.5,30,3,141,141
A_turn,1.5,30,4,11,12
A_turn,1.5,30,5,77,77
A_turn,1.5,30,6,62,62
A_turn,1.5,30,7,47,47
A_turn,1.5,30,8,44,44
A_turn,1.5,30,9,42,42
A_turn,1.5,30,10,11,11
A_turn,1.5,30,11,46,46
A_turn,1.5,30,12,64,64
A_turn,1.5,30,13,10,10
A_turn,1.5,30,14,77,77
A_turn,1.5,30,15,107,107
A_softmax,1.5,1,0,150,150
A_softmax,1.5,1,1,197,197
A_softmax,1.5,1,2,180,180
A_softmax,1.5,1,3,124,124
A_softmax,1.5,1,4,10,12
A_softmax,1.5,1,5,75,75
A_softmax,1.5,1,6,3,5
A_softmax,1.5,1,7,12,12
A_softmax,1.5,1,8,20,22
A_softmax,1.5,1,9,56,56
A_softmax,1.5,1,10,54,54
A_softmax,1.5,1,11,58,58
A_softmax,1.5,1,12,67,67
A_softmax,1.5,1,13,86,86
A_softmax,1.5,1,14,89,89
A_softmax,1.5,1,15,93,93
A_softmax,1.5,2,0,148,148
A_softmax,1.5,2,1,197,197
A_softmax,1.5,2,2,183,183
A_softmax,1.5,2,3,35,35
A_softmax,1.5,2,4,15,15
A_softmax,1.5,2,5,1,4
A_softmax,1.5,2,6,5,7
A_softmax,1.5,2,7,54,54
A_softmax,1.5,2,8,45,45
A_softmax,1.5,2,9,58,58
A_softmax,1.5,2,10,51,51
A_softmax,1.5,2,11,60,60
A_softmax,1.5,2,12,68,68
A_softmax,1.5,2,13,0,3
A_softmax,1.5,2,14,85,85
A_softmax,1.5,2,15,114,114
A_softmax,1.5,3,0,148,148
A_softmax,1.5,3,1,197,197
A_softmax,1.5,3,2,180,180
A_softmax,1.5,3,3,111,111
A_softmax,1.5,3,4,8,9
A_softmax,1.5,3,5,77,77
A_softmax,1.5,3,6,0,3
A_softmax,1.5,3,7,3,5
A_softmax,1.5,3,8,25,25
A_softmax,1.5,3,9,52,52
A_softmax,1.5,3,10,0,3
A_softmax,1.5,3,11,59,59
A_softmax,1.5,3,12,70,70
A_softmax,1.5,3,13,12,13
A_softmax,1.5,3,14,97,97
A_softmax,1.5,3,15,98,98
A_softmax,1.5,4,0,148,148
A_softmax,1.5,4,1,197,197
A_softmax,1.5,4,2,183,183
A_softmax,1.5,4,3,148,148
A_softmax,1.5,4,4,0,3
A_softmax,1.5,4,5,82,82
A_softmax,1.5,4,6,57,57
A_softmax,1.5,4,7,0,4
A_softmax,1.5,4,8,1,5
A_softmax,1.5,4,9,66,66
A_softmax,1.5,4,10,63,63
A_softmax,1.5,4,11,57,57
A_softmax,1.5,4,12,57,57
A_softmax,1.5,4,13,46,46
A_softmax,1.5,4,14,80,80
A_softmax,1.5,4,15,0,4
A_softmax,1.5,5,0,147,147
A_softmax,1.5,5,1,197,197
A_softmax,1.5,5,2,174,174
A_softmax,1.5,5,3,9,10
A_softmax,1.5,5,4,49,49
A_softmax,1.5,5,5,91,91
A_softmax,1.5,5,6,77,77
A_softmax,1.5,5,7,44,44
A_softmax,1.5,5,8,22,22
A_softmax,1.5,5,9,59,59
A_softmax,1.5,5,10,65,65
A_softmax,1.5,5,11,62,62
A_softmax,1.5,5,12,12,12
A_softmax,1.5,5,13,3,6
A_softmax,1.5,5,14,100,100
A_softmax,1.5,5,15,90,90
A_softmax,1.5,6,0,148,148
A_softmax,1.5,6,1,197,197
A_softmax,1.5,6,2,183,183
A_softmax,1.5,6,3,16,16
A_softmax,1.5,6,4,11,12
A_softmax,1.5,6,5,8,9
A_softmax,1.5,6,6,72,72
A_softmax,1.5,6,7,17,17
A_softmax,1.5,6,8,45,45
A_softmax,1.5,6,9,59,59
A_softmax,1.5,6,10,54,54
A_softmax,1.5,6,11,60,60
A_softmax,1.5,6,12,69,69
A_softmax,1.5,6,13,79,79
A_softmax,1.5,6,14,86,86
A_softmax,1.5,6,15,113,113
A_softmax,1.5,7,0,148,148
A_softmax,1.5,7,1,197,197
A_softmax,1.5,7,2,175,175
A_softmax,1.5,7,3,0,3
A_softmax,1.5,7,4,97,97
A_softmax,1.5,7,5,79,79
A_softmax,1.5,7,6,84,84
A_softmax,1.5,7,7,51,51
A_softmax,1.5,7,8,51,51
A_softmax,1.5,7,9,17,17
A_softmax,1.5,7,10,7,9
A_softmax,1.5,7,11,71,71
A_softmax,1.5,7,12,60,60
A_softmax,1.5,7,13,13,13
A_softmax,1.5,7,14,98,98
A_softmax,1.5,7,15,10,11
A_softmax,1.5,8,0,147,147
A_softmax,1.5,8,1,197,197
A_softmax,1.5,8,2,180,180
A_softmax,1.5,8,3,128,128
A_softmax,1.5,8,4,79,79
A_softmax,1.5,8,5,76,76
A_softmax,1.5,8,6,66,66
A_softmax,1.5,8,7,38,38
A_softmax,1.5,8,8,57,57
A_softmax,1.5,8,9,30,30
A_softmax,1.5,8,10,64,64
A_softmax,1.5,8,11,3,4
A_softmax,1.5,8,12,68,68
A_softmax,1.5,8,13,10,10
A_softmax,1.5,8,14,85,85
A_softmax,1.5,8,15,108,108
A_softmax,1.5,9,0,147,147
A_softmax,1.5,9,1,198,198
A_softmax,1.5,9,2,180,180
A_softmax,1.5,9,3,148,148
A_softmax,1.5,9,4,13,13
A_softmax,1.5,9,5,76,76
A_softmax,1.5,9,6,79,79
A_softmax,1.5,9,7,59,59
A_softmax,1.5,9,8,53,53
A_softmax,1.5,9,9,37,37
A_softmax,1.5,9,10,42,42
A_softmax,1.5,9,11,62,62
A_softmax,1.5,9,12,70,70
A_softmax,1.5,9,13,62,62
A_softmax,1.5,9,14,97,97
A_softmax,1.5,9,15,113,113
A_softmax,1.5,10,0,148,148
A_softmax,1.5,10,1,196,196
A_softmax,1.5,10,2,180,180
A_softmax,1.5,10,3,149,149
A_softmax,1.5,10,4,88,88
A_softmax,1.5,10,5,85,85
A_softmax,1.5,10,6,81,81
A_softmax,1.5,10,7,77,77
A_softmax,1.5,10,8,51,51
A_softmax,1.5,10,9,42,42
A_softmax,1.5,10,10,70,70
A_softmax,1.5,10,11,46,46
A_softmax,1.5,10,12,66,66
A_softmax,1.5,10,13,12,12
A_softmax,1.5,10,14,13,13
A_softmax,1.5,10,15,73,73
A_softmax,1.5,11,0,147,147
A_softmax,1.5,11,1,196,196
A_softmax,1.5,11,2,180,180
A_softmax,1.5,11,3,146,146
A_softmax,1.5,11,4,17,17
A_softmax,1.5,11,5,72,72
A_softmax,1.5,11,6,63,63
A_softmax,1.5,11,7,44,44
A_softmax,1.5,11,8,47,47
A_softmax,1.5,11,9,36,36
A_softmax,1.5,11,10,72,72
A_softmax,1.5,11,11,73,73
A_softmax,1.5,11,12,54,54
A_softmax,1.5,11,13,10,11
A_softmax,1.5,11,14,92,92
A_softmax,1.5,11,15,113,113
A_softmax,1.5,12,0,149,149
A_softmax,1.5,12,1,197,197
A_softmax,1.5,12,2,180,180
A_softmax,1.5,12,3,112,112
A_softmax,1.5,12,4,37,37
A_softmax,1.5,12,5,81,81
A_softmax,1.5,12,6,4,6
A_softmax,1.5,12,7,5,7
A_softmax,1.5,12,8,55,55
A_softmax,1.5,12,9,27,27
A_softmax,1.5,12,10,60,60
A_softmax,1.5,12,11,46,46
A_softmax,1.5,12,12,70,70
A_softmax,1.5,12,13,10,10
A_softmax,1.5,12,14,80,80
A_softmax,1.5,12,15,111,111
A_softmax,1.5,13,0,147,147
A_softmax,1.5,13,1,197,197
A_softmax,1.5,13,2,182,182
A_softmax,1.5,13,3,148,148
A_softmax,1.5,13,4,15,15
A_softmax,1.5,13,5,61,62
A_softmax,1.5,13,6,0,4
A_softmax,1.5,13,7,58,58
A_softmax,1.5,13,8,28,29
A_softmax,1.5,13,9,19,20
A_softmax,1.5,13,10,17,18
A_softmax,1.5,13,11,75,75
A_softmax,1.5,13,12,0,3
A_softmax,1.5,13,13,10,11
A_softmax,1.5,13,14,98,98
A_softmax,1.5,13,15,0,4
A_softmax,1.5,14,0,148,148
A_softmax,1.5,14,1,197,197
A_softmax,1.5,14,2,168,168
A_softmax,1.5,14,3,117,117
A_softmax,1.5,14,4,20,20
A_softmax,1.5,14,5,93,93
A_softmax,1.5,14,6,76,76
A_softmax,1.5,14,7,68,68
A_softmax,1.5,14,8,41,41
A_softmax,1.5,14,9,22,22
A_softmax,1.5,14,10,51,51
A_softmax,1.5,14,11,48,48
A_softmax,1.5,14,12,70,70
A_softmax,1.5,14,13,64,64
A_softmax,1.5,14,14,6,8
A_softmax,1.5,14,15,54,54
A_softmax,1.5,15,0,148,148
A_softmax,1.5,15,1,197,197
A_softmax,1.5,15,2,174,174
A_softmax,1.5,15,3,123,123
A_softmax,1.5,15,4,18,18
A_softmax,1.5,15,5,78,78
A_softmax,1.5,15,6,0,4
A_softmax,1.5,15,7,49,49
A_softmax,1.5,15,8,47,47
A_softmax,1.5,15,9,53,53
A_softmax,1.5,15,10,52,52
A_softmax,1.5,15,11,61,61
A_softmax,1.5,15,12,67,67
A_softmax,1.5,15,13,12,12
A_softmax,1.5,15,14,0,3
A_softmax,1.5,15,15,59,59
A_softmax,1.5,16,0,147,147
A_softmax,1.5,16,1,197,197
A_softmax,1.5,16,2,182,182
A_softmax,1.5,16,3,124,124
A_softmax,1.5,16,4,110,110
A_softmax,1.5,16,5,85,85
A_softmax,1.5,16,6,66,66
A_softmax,1.5,16,7,50,50
A_softmax,1.5,16,8,24,24
A_softmax,1.5,16,9,5,6
A_softmax,1.5,16,10,55,55
A_softmax,1.5,16,11,64,64
A_softmax,1.5,16,12,70,70
A_softmax,1.5,16,13,82,82
A_softmax,1.5,16,14,39,40
A_softmax,1.5,16,15,4,7
A_softmax,1.5,17,0,148,148
A_softmax,1.5,17,1,197,197
A_softmax,1.5,17,2,186,186
A_softmax,1.5,17,3,148,148
A_softmax,1.5,17,4,97,97
A_softmax,1.5,17,5,81,81
A_softmax,1.5,17,6,39,39
A_softmax,1.5,17,7,52,52
A_softmax,1.5,17,8,57,57
A_softmax,1.5,17,9,47,47
A_softmax,1.5,17,10,0,3
A_softmax,1.5,17,11,65,65
A_softmax,1.5,17,12,72,72
A_softmax,1.5,17,13,10,10
A_softmax,1.5,17,14,75,75
A_softmax,1.5,17,15,114,114
A_softmax,1.5,18,0,147,147
A_softmax,1.5,18,1,197,197
A_softmax,1.5,18,2,180,180
A_softmax,1.5,18,3,122,122
A_softmax,1.5,18,4,17,17
A_softmax,1.5,18,5,10,11
A_softmax,1.5,18,6,78,78
A_softmax,1.5,18,7,4,6
A_softmax,1.5,18,8,59,59
A_softmax,1.5,18,9,0,3
A_softmax,1.5,18,10,59,59
A_softmax,1.5,18,11,60,60
A_softmax,1.5,18,12,68,68
A_softmax,1.5,18,13,78,78
A_softmax,1.5,18,14,13,13
A_softmax,1.5,18,15,114,114
A_softmax,1.5,19,0,149,149
A_softmax,1.5,19,1,196,196
A_softmax,1.5,19,2,180,180
A_softmax,1.5,19,3,35,35
A_softmax,1.5,19,4,96,96
A_softmax,1.5,19,5,80,80
A_softmax,1.5,19,6,1,4
A_softmax,1.5,19,7,43,43
A_softmax,1.5,19,8,48,48
A_softmax,1.5,19,9,19,19
A_softmax,1.5,19,10,0,3
A_softmax,1.5,19,11,63,63
A_softmax,1.5,19,12,54,54
A_softmax,1.5,19,13,14,14
A_softmax,1.5,19,14,0,3
A_softmax,1.5,19,15,113,113
A_softmax,1.5,20,0,147,147
A_softmax,1.5,20,1,197,197
A_softmax,1.5,20,2,180,180
A_softmax,1.5,20,3,136,136
A_softmax,1.5,20,4,85,85
A_softmax,1.5,20,5,81,81
A_softmax,1.5,20,6,68,68
A_softmax,1.5,20,7,0,3
A_softmax,1.5,20,8,57,57
A_softmax,1.5,20,9,61,61
A_softmax,1.5,20,10,32,32
A_softmax,1.5,20,11,53,53
A_softmax,1.5,20,12,10,10
A_softmax,1.5,20,13,61,61
A_softmax,1.5,20,14,1,5
A_softmax,1.5,20,15,80,80
A_softmax,1.5,21,0,148,148
A_softmax,1.5,21,1,197,197
A_softmax,1.5,21,2,183,183
A_softmax,1.5,21,3,148,148
A_softmax,1.5,21,4,97,97
A_softmax,1.5,21,5,81,81
A_softmax,1.5,21,6,80,80
A_softmax,1.5,21,7,56,56
A_softmax,1.5,21,8,48,48
A_softmax,1.5,21,9,27,27
A_softmax,1.5,21,10,66,66
A_softmax,1.5,21,11,60,60
A_softmax,1.5,21,12,11,11
A_softmax,1.5,21,13,10,10
A_softmax,1.5,21,14,98,98
A_softmax,1.5,21,15,113,113
A_softmax,1.5,22,0,150,150
A_softmax,1.5,22,1,197,197
A_softmax,1.5,22,2,180,180
A_softmax,1.5,22,3,115,115
A_softmax,1.5,22,4,14,14
A_softmax,1.5,22,5,81,81
A_softmax,1.5,22,6,78,78
A_softmax,1.5,22,7,0,3
A_softmax,1.5,22,8,56,56
A_softmax,1.5,22,9,9,10
A_softmax,1.5,22,10,54,54
A_softmax,1.5,22,11,0,3
A_softmax,1.5,22,12,48,48
A_softmax,1.5,22,13,82,82
A_softmax,1.5,22,14,94,94
A_softmax,1.5,22,15,20,20
A_softmax,1.5,23,0,147,147
A_softmax,1.5,23,1,197,197
A_softmax,1.5,23,2,178,178
A_softmax,1.5,23,3,131,131
A_softmax,1.5,23,4,96,96
A_softmax,1.5,23,5,93,93
A_softmax,1.5,23,6,65,65
A_softmax,1.5,23,7,4,6
A_softmax,1.5,23,8,54,54
A_softmax,1.5,23,9,35,35
A_softmax,1.5,23,10,54,54
A_softmax,1.5,23,11,63,63
A_softmax,1.5,23,12,71,71
A_softmax,1.5,23,13,3,6
A_softmax,1.5,23,14,88,88
A_softmax,1.5,23,15,113,113
A_softmax,1.5,24,0,147,147
A_softmax,1.5,24,1,197,197
A_softmax,1.5,24,2,180,180
A_softmax,1.5,24,3,37,37
A_softmax,1.5,24,4,15,15
A_softmax,1.5,24,5,0,3
A_softmax,1.5,24,6,69,69
A_softmax,1.5,24,7,40,40
A_softmax,1.5,24,8,47,47
A_softmax,1.5,24,9,0,3
A_softmax,1.5,24,10,54,54
A_softmax,1.5,24,11,60,60
A_softmax,1.5,24,12,62,62
A_softmax,1.5,24,13,83,83
A_softmax,1.5,24,14,8,9
A_softmax,1.5,24,15,112,112
A_softmax,1.5,25,0,148,148
A_softmax,1.5,25,1,197,197
A_softmax,1.5,25,2,175,175
A_softmax,1.5,25,3,123,123
A_softmax,1.5,25,4,97,97
A_softmax,1.5,25,5,93,93
A_softmax,1.5,25,6,34,34
A_softmax,1.5,25,7,58,58
A_softmax,1.5,25,8,49,49
A_softmax,1.5,25,9,34,34
A_softmax,1.5,25,10,66,66
A_softmax,1.5,25,11,0,3
A_softmax,1.5,25,12,10,11
A_softmax,1.5,25,13,90,90
A_softmax,1.5,25,14,85,85
A_softmax,1.5,25,15,75,75
A_softmax,1.5,26,0,148,148
A_softmax,1.5,26,1,197,197
A_softmax,1.5,26,2,175,175
A_softmax,1.5,26,3,110,110
A_softmax,1.5,26,4,0,3
A_softmax,1.5,26,5,77,77
A_softmax,1.5,26,6,67,67
A_softmax,1.5,26,7,45,45
A_softmax,1.5,26,8,59,59
A_softmax,1.5,26,9,49,49
A_softmax,1.5,26,10,73,73
A_softmax,1.5,26,11,65,65
A_softmax,1.5,26,12,65,65
A_softmax,1.5,26,13,31,32
A_softmax,1.5,26,14,12,12
A_softmax,1.5,26,15,114,114
A_softmax,1.5,27,0,147,147
A_softmax,1.5,27,1,197,197
A_softmax,1.5,27,2,179,179
A_softmax,1.5,27,3,13,14
A_softmax,1.5,27,4,98,98
A_softmax,1.5,27,5,71,72
A_softmax,1.5,27,6,46,46
A_softmax,1.5,27,7,55,55
A_softmax,1.5,27,8,47,47
A_softmax,1.5,27,9,55,55
A_softmax,1.5,27,10,32,32
A_softmax,1.5,27,11,62,62
A_softmax,1.5,27,12,11,11
A_softmax,1.5,27,13,10,11
A_softmax,1.5,27,14,86,86
A_softmax,1.5,27,15,85,85
A_softmax,1.5,28,0,147,147
A_softmax,1.5,28,1,197,197
A_softmax,1.5,28,2,183,183
A_softmax,1.5,28,3,148,148
A_softmax,1.5,28,4,18,18
A_softmax,1.5,28,5,81,81
A_softmax,1.5,28,6,73,73
A_softmax,1.5,28,7,0,3
A_softmax,1.5,28,8,28,28
A_softmax,1.5,28,9,31,31
A_softmax,1.5,28,10,71,71
A_softmax,1.5,28,11,0,4
A_softmax,1.5,28,12,67,67
A_softmax,1.5,28,13,13,13
A_softmax,1.5,28,14,85,85
A_softmax,1.5,28,15,0,4
A_softmax,1.5,29,0,148,148
A_softmax,1.5,29,1,197,197
A_softmax,1.5,29,2,183,183
A_softmax,1.5,29,3,83,83
A_softmax,1.5,29,4,97,97
A_softmax,1.5,29,5,93,93
A_softmax,1.5,29,6,78,78
A_softmax,1.5,29,7,49,49
A_softmax,1.5,29,8,39,39
A_softmax,1.5,29,9,15,17
A_softmax,1.5,29,10,66,66
A_softmax,1.5,29,11,59,59
A_softmax,1.5,29,12,11,11
A_softmax,1.5,29,13,73,73
A_softmax,1.5,29,14,89,89
A_softmax,1.5,29,15,73,73
A_softmax,1.5,30,0,147,147
A_softmax,1.5,30,1,197,197
A_softmax,1.5,30,2,183,183
A_softmax,1.5,30,3,148,148
A_softmax,1.5,30,4,96,96
A_softmax,1.5,30,5,74,74
A_softmax,1.5,30,6,8,8
A_softmax,1.5,30,7,38,38
A_softmax,1.5,30,8,60,60
A_softmax,1.5,30,9,53,53
A_softmax,1.5,30,10,60,60
A_softmax,1.5,30,11,62,62
A_softmax,1.5,30,12,71,71
A_softmax,1.5,30,13,52,52
A_softmax,1.5,30,14,0,3
A_softmax,1.5,30,15,114,114
