condition,task,seed,metric,value
A/gain=0.8,memory_maze_full_circle,1,attempted,1210
A/gain=0.8,memory_maze_full_circle,2,attempted,981
A/gain=0.8,memory_maze_full_circle,3,attempted,1122
A/gain=0.8,memory_maze_full_circle,4,attempted,1060
A/gain=0.8,memory_maze_full_circle,5,attempted,1093
A/gain=0.8,memory_maze_full_circle,6,attempted,995
A/gain=0.8,memory_maze_full_circle,7,attempted,1076
A/gain=0.8,memory_maze_full_circle,8,attempted,830
A/gain=0.8,memory_maze_full_circle,9,attempted,964
A/gain=0.8,memory_maze_full_circle,10,attempted,1085
A/gain=0.8,memory_maze_full_circle,11,attempted,1021
A/gain=0.8,memory_maze_full_circle,12,attempted,1051
A/gain=0.8,memory_maze_full_circle,13,attempted,1005
A/gain=0.8,memory_maze_full_circle,14,attempted,1090
A/gain=0.8,memory_maze_full_circle,15,attempted,987
A/gain=0.8,memory_maze_full_circle,16,attempted,1022
A/gain=0.8,memory_maze_full_circle,17,attempted,1005
A/gain=0.8,memory_maze_full_circle,18,attempted,901
A/gain=0.8,memory_maze_full_circle,19,attempted,945
A/gain=0.8,memory_maze_full_circle,20,attempted,1080
A/gain=0.8,memory_maze_full_circle,21,attempted,1287
A/gain=0.8,memory_maze_full_circle,22,attempted,799
A/gain=0.8,memory_maze_full_circle,23,attempted,1154
A/gain=0.8,memory_maze_full_circle,24,attempted,1068
A/gain=0.8,memory_maze_full_circle,25,attempted,1039
A/gain=0.8,memory_maze_full_circle,26,attempted,976
A/gain=0.8,memory_maze_full_circle,27,attempted,932
A/gain=0.8,memory_maze_full_circle,28,attempted,964
A/gain=0.8,memory_maze_full_circle,29,attempted,1148
A/gain=0.8,memory_maze_full_circle,30,attempted,1139
A/gain=0.8,memory_maze_full_circle,1,headings_recalling,15
A/gain=0.8,memory_maze_full_circle,2,headings_recalling,13
A/gain=0.8,memory_maze_full_circle,3,headings_recalling,13
A/gain=0.8,memory_maze_full_circle,4,headings_recalling,11
A/gain=0.8,memory_maze_full_circle,5,headings_recalling,15
A/gain=0.8,memory_maze_full_circle,6,headings_recalling,12
A/gain=0.8,memory_maze_full_circle,7,headings_recalling,15
A/gain=0.8,memory_maze_full_circle,8,headings_recalling,9
A/gain=0.8,memory_maze_full_circle,9,headings_recalling,11
A/gain=0.8,memory_maze_full_circle,10,headings_recalling,14
A/gain=0.8,memory_maze_full_circle,11,headings_recalling,14
A/gain=0.8,memory_maze_full_circle,12,headings_recalling,12
A/gain=0.8,memory_maze_full_circle,13,headings_recalling,11
A/gain=0.8,memory_maze_full_circle,14,headings_recalling,14
A/gain=0.8,memory_maze_full_circle,15,headings_recalling,13
A/gain=0.8,memory_maze_full_circle,16,headings_recalling,12
A/gain=0.8,memory_maze_full_circle,17,headings_recalling,11
A/gain=0.8,memory_maze_full_circle,18,headings_recalling,11
A/gain=0.8,memory_maze_full_circle,19,headings_recalling,12
A/gain=0.8,memory_maze_full_circle,20,headings_recalling,11
A/gain=0.8,memory_maze_full_circle,21,headings_recalling,15
A/gain=0.8,memory_maze_full_circle,22,headings_recalling,8
A/gain=0.8,memory_maze_full_circle,23,headings_recalling,14
A/gain=0.8,memory_maze_full_circle,24,headings_recalling,15
A/gain=0.8,memory_maze_full_circle,25,headings_recalling,13
A/gain=0.8,memory_maze_full_circle,26,headings_recalling,15
A/gain=0.8,memory_maze_full_circle,27,headings_recalling,11
A/gain=0.8,memory_maze_full_circle,28,headings_recalling,11
A/gain=0.8,memory_maze_full_circle,29,headings_recalling,15
A/gain=0.8,memory_maze_full_circle,30,headings_recalling,14
A/gain=0.8,memory_maze_full_circle,1,recall_rate,0.996694
A/gain=0.8,memory_maze_full_circle,2,recall_rate,0.989806
A/gain=0.8,memory_maze_full_circle,3,recall_rate,0.991979
A/gain=0.8,memory_maze_full_circle,4,recall_rate,0.986792
A/gain=0.8,memory_maze_full_circle,5,recall_rate,0.99634
A/gain=0.8,memory_maze_full_circle,6,recall_rate,0.986935
A/gain=0.8,memory_maze_full_circle,7,recall_rate,0.995353
A/gain=0.8,memory_maze_full_circle,8,recall_rate,0.977108
A/gain=0.8,memory_maze_full_circle,9,recall_rate,0.98444
A/gain=0.8,memory_maze_full_circle,10,recall_rate,0.995392
A/gain=0.8,memory_maze_full_circle,11,recall_rate,0.991185
A/gain=0.8,memory_maze_full_circle,12,recall_rate,0.985728
A/gain=0.8,memory_maze_full_circle,13,recall_rate,0.98209
A/gain=0.8,memory_maze_full_circle,14,recall_rate,0.997248
A/gain=0.8,memory_maze_full_circle,15,recall_rate,0.988855
A/gain=0.8,memory_maze_full_circle,16,recall_rate,0.984344
A/gain=0.8,memory_maze_full_circle,17,recall_rate,0.987065
A/gain=0.8,memory_maze_full_circle,18,recall_rate,0.985572
A/gain=0.8,memory_maze_full_circle,19,recall_rate,0.986243
A/gain=0.8,memory_maze_full_circle,20,recall_rate,0.987963
A/gain=0.8,memory_maze_full_circle,21,recall_rate,0.996892
A/gain=0.8,memory_maze_full_circle,22,recall_rate,0.968711
A/gain=0.8,memory_maze_full_circle,23,recall_rate,0.991334
A/gain=0.8,memory_maze_full_circle,24,recall_rate,0.996255
A/gain=0.8,memory_maze_full_circle,25,recall_rate,0.991338
A/gain=0.8,memory_maze_full_circle,26,recall_rate,0.994877
A/gain=0.8,memory_maze_full_circle,27,recall_rate,0.980687
A/gain=0.8,memory_maze_full_circle,28,recall_rate,0.985477
A/gain=0.8,memory_maze_full_circle,29,recall_rate,0.998258
A/gain=0.8,memory_maze_full_circle,30,recall_rate,0.99561
A/gain=0.8,memory_maze_full_circle,1,recalls,1206
A/gain=0.8,memory_maze_full_circle,2,recalls,971
A/gain=0.8,memory_maze_full_circle,3,recalls,1113
A/gain=0.8,memory_maze_full_circle,4,recalls,1046
A/gain=0.8,memory_maze_full_circle,5,recalls,1089
A/gain=0.8,memory_maze_full_circle,6,recalls,982
A/gain=0.8,memory_maze_full_circle,7,recalls,1071
A/gain=0.8,memory_maze_full_circle,8,recalls,811
A/gain=0.8,memory_maze_full_circle,9,recalls,949
A/gain=0.8,memory_maze_full_circle,10,recalls,1080
A/gain=0.8,memory_maze_full_circle,11,recalls,1012
A/gain=0.8,memory_maze_full_circle,12,recalls,1036
A/gain=0.8,memory_maze_full_circle,13,recalls,987
A/gain=0.8,memory_maze_full_circle,14,recalls,1087
A/gain=0.8,memory_maze_full_circle,15,recalls,976
A/gain=0.8,memory_maze_full_circle,16,recalls,1006
A/gain=0.8,memory_maze_full_circle,17,recalls,992
A/gain=0.8,memory_maze_full_circle,18,recalls,888
A/gain=0.8,memory_maze_full_circle,19,recalls,932
A/gain=0.8,memory_maze_full_circle,20,recalls,1067
A/gain=0.8,memory_maze_full_circle,21,recalls,1283
A/gain=0.8,memory_maze_full_circle,22,recalls,774
A/gain=0.8,memory_maze_full_circle,23,recalls,1144
A/gain=0.8,memory_maze_full_circle,24,recalls,1064
A/gain=0.8,memory_maze_full_circle,25,recalls,1030
A/gain=0.8,memory_maze_full_circle,26,recalls,971
A/gain=0.8,memory_maze_full_circle,27,recalls,914
A/gain=0.8,memory_maze_full_circle,28,recalls,950
A/gain=0.8,memory_maze_full_circle,29,recalls,1146
A/gain=0.8,memory_maze_full_circle,30,recalls,1134
A/gain=1.5,memory_maze_full_circle,1,attempted,1192
A/gain=1.5,memory_maze_full_circle,2,attempted,976
A/gain=1.5,memory_maze_full_circle,3,attempted,1082
A/gain=1.5,memory_maze_full_circle,4,attempted,1020
A/gain=1.5,memory_maze_full_circle,5,attempted,1134
A/gain=1.5,memory_maze_full_circle,6,attempted,981
A/gain=1.5,memory_maze_full_circle,7,attempted,1059
A/gain=1.5,memory_maze_full_circle,8,attempted,856
A/gain=1.5,memory_maze_full_circle,9,attempted,1017
A/gain=1.5,memory_maze_full_circle,10,attempted,946
A/gain=1.5,memory_maze_full_circle,11,attempted,954
A/gain=1.5,memory_maze_full_circle,12,attempted,1078
A/gain=1.5,memory_maze_full_circle,13,attempted,917
A/gain=1.5,memory_maze_full_circle,14,attempted,1117
A/gain=1.5,memory_maze_full_circle,15,attempted,988
A/gain=1.5,memory_maze_full_circle,16,attempted,993
A/gain=1.5,memory_maze_full_circle,17,attempted,1047
A/gain=1.5,memory_maze_full_circle,18,attempted,947
A/gain=1.5,memory_maze_full_circle,19,attempted,845
A/gain=1.5,memory_maze_full_circle,20,attempted,1078
A/gain=1.5,memory_maze_full_circle,21,attempted,1322
A/gain=1.5,memory_maze_full_circle,22,attempted,885
A/gain=1.5,memory_maze_full_circle,23,attempted,1181
A/gain=1.5,memory_maze_full_circle,24,attempted,1130
A/gain=1.5,memory_maze_full_circle,25,attempted,1107
A/gain=1.5,memory_maze_full_circle,26,attempted,1061
A/gain=1.5,memory_maze_full_circle,27,attempted,869
A/gain=1.5,memory_maze_full_circle,28,attempted,1004
A/gain=1.5,memory_maze_full_circle,29,attempted,1059
A/gain=1.5,memory_maze_full_circle,30,attempted,1032
A/gain=1.5,memory_maze_full_circle,1,headings_recalling,14
A/gain=1.5,memory_maze_full_circle,2,headings_recalling,13
A/gain=1.5,memory_maze_full_circle,3,headings_recalling,13
A/gain=1.5,memory_maze_full_circle,4,headings_recalling,11
A/gain=1.5,memory_maze_full_circle,5,headings_recalling,15
A/gain=1.5,memory_maze_full_circle,6,headings_recalling,10
A/gain=1.5,memory_maze_full_circle,7,headings_recalling,14
A/gain=1.5,memory_maze_full_circle,8,headings_recalling,11
A/gain=1.5,memory_maze_full_circle,9,headings_recalling,12
A/gain=1.5,memory_maze_full_circle,10,headings_recalling,14
A/gain=1.5,memory_maze_full_circle,11,headings_recalling,10
A/gain=1.5,memory_maze_full_circle,12,headings_recalling,12
A/gain=1.5,memory_maze_full_circle,13,headings_recalling,9
A/gain=1.5,memory_maze_full_circle,14,headings_recalling,14
A/gain=1.5,memory_maze_full_circle,15,headings_recalling,12
A/gain=1.5,memory_maze_full_circle,16,headings_recalling,12
A/gain=1.5,memory_maze_full_circle,17,headings_recalling,12
A/gain=1.5,memory_maze_full_circle,18,headings_recalling,11
A/gain=1.5,memory_maze_full_circle,19,headings_recalling,11
A/gain=1.5,memory_maze_full_circle,20,headings_recalling,12
A/gain=1.5,memory_maze_full_circle,21,headings_recalling,16
A/gain=1.5,memory_maze_full_circle,22,headings_recalling,9
A/gain=1.5,memory_maze_full_circle,23,headings_recalling,12
A/gain=1.5,memory_maze_full_circle,24,headings_recalling,15
A/gain=1.5,memory_maze_full_circle,25,headings_recalling,13
A/gain=1.5,memory_maze_full_circle,26,headings_recalling,14
A/gain=1.5,memory_maze_full_circle,27,headings_recalling,11
A/gain=1.5,memory_maze_full_circle,28,headings_recalling,12
A/gain=1.5,memory_maze_full_circle,29,headings_recalling,15
A/gain=1.5,memory_maze_full_circle,30,headings_recalling,12
A/gain=1.5,memory_maze_full_circle,1,recall_rate,0.994128
A/gain=1.5,memory_maze_full_circle,2,recall_rate,0.989754
A/gain=1.5,memory_maze_full_circle,3,recall_rate,0.992606
A/gain=1.5,memory_maze_full_circle,4,recall_rate,0.982353
A/gain=1.5,memory_maze_full_circle,5,recall_rate,0.998236
A/gain=1.5,memory_maze_full_circle,6,recall_rate,0.98369
A/gain=1.5,memory_maze_full_circle,7,recall_rate,0.995279
A/gain=1.5,memory_maze_full_circle,8,recall_rate,0.981308
A/gain=1.5,memory_maze_full_circle,9,recall_rate,0.986234
A/gain=1.5,memory_maze_full_circle,10,recall_rate,0.9926
A/gain=1.5,memory_maze_full_circle,11,recall_rate,0.981132
A/gain=1.5,memory_maze_full_circle,12,recall_rate,0.987013
A/gain=1.5,memory_maze_full_circle,13,recall_rate,0.974918
A/gain=1.5,memory_maze_full_circle,14,recall_rate,0.996419
A/gain=1.5,memory_maze_full_circle,15,recall_rate,0.984818
A/gain=1.5,memory_maze_full_circle,16,recall_rate,0.984894
A/gain=1.5,memory_maze_full_circle,17,recall_rate,0.987584
A/gain=1.5,memory_maze_full_circle,18,recall_rate,0.980993
A/gain=1.5,memory_maze_full_circle,19,recall_rate,0.984615
A/gain=1.5,memory_maze_full_circle,20,recall_rate,0.988868
A/gain=1.5,memory_maze_full_circle,21,recall_rate,0.999244
A/gain=1.5,memory_maze_full_circle,22,recall_rate,0.972881
A/gain=1.5,memory_maze_full_circle,23,recall_rate,0.989839
A/gain=1.5,memory_maze_full_circle,24,recall_rate,0.997345
A/gain=1.5,memory_maze_full_circle,25,recall_rate,0.990967
A/gain=1.5,memory_maze_full_circle,26,recall_rate,0.993402
A/gain=1.5,memory_maze_full_circle,27,recall_rate,0.980437
A/gain=1.5,memory_maze_full_circle,28,recall_rate,0.988048
A/gain=1.5,memory_maze_full_circle,29,recall_rate,0.997167
A/gain=1.5,memory_maze_full_circle,30,recall_rate,0.99031
A/gain=1.5,memory_maze_full_circle,1,recalls,1185
A/gain=1.5,memory_maze_full_circle,2,recalls,966
A/gain=1.5,memory_maze_full_circle,3,recalls,1074
A/gain=1.5,memory_maze_full_circle,4,recalls,1002
A/gain=1.5,memory_maze_full_circle,5,recalls,1132
A/gain=1.5,memory_maze_full_circle,6,recalls,965
A/gain=1.5,memory_maze_full_circle,7,recalls,1054
A/gain=1.5,memory_maze_full_circle,8,recalls,840
A/gain=1.5,memory_maze_full_circle,9,recalls,1003
A/gain=1.5,memory_maze_full_circle,10,recalls,939
A/gain=1.5,memory_maze_full_circle,11,recalls,936
A/gain=1.5,memory_maze_full_circle,12,recalls,1064
A/gain=1.5,memory_maze_full_circle,13,recalls,894
A/gain=1.5,memory_maze_full_circle,14,recalls,1113
A/gain=1.5,memory_maze_full_circle,15,recalls,973
A/gain=1.5,memory_maze_full_circle,16,recalls,978
A/gain=1.5,memory_maze_full_circle,17,recalls,1034
A/gain=1.5,memory_maze_full_circle,18,recalls,929
A/gain=1.5,memory_maze_full_circle,19,recalls,832
A/gain=1.5,memory_maze_full_circle,20,recalls,1066
A/gain=1.5,memory_maze_full_circle,21,recalls,1321
A/gain=1.5,memory_maze_full_circle,22,recalls,861
A/gain=1.5,memory_maze_full_circle,23,recalls,1169
A/gain=1.5,memory_maze_full_circle,24,recalls,1127
A/gain=1.5,memory_maze_full_circle,25,recalls,1097
A/gain=1.5,memory_maze_full_circle,26,recalls,1054
A/gain=1.5,memory_maze_full_circle,27,recalls,852
A/gain=1.5,memory_maze_full_circle,28,recalls,992
A/gain=1.5,memory_maze_full_circle,29,recalls,1056
A/gain=1.5,memory_maze_full_circle,30,recalls,1022
B/gain=0.8,memory_maze_full_circle,1,attempted,1308
B/gain=0.8,memory_maze_full_circle,2,attempted,1323
B/gain=0.8,memory_maze_full_circle,3,attempted,1181
B/gain=0.8,memory_maze_full_circle,4,attempted,1246
B/gain=0.8,memory_maze_full_circle,5,attempted,1272
B/gain=0.8,memory_maze_full_circle,6,attempted,1338
B/gain=0.8,memory_maze_full_circle,7,attempted,1422
B/gain=0.8,memory_maze_full_circle,8,attempted,1303
B/gain=0.8,memory_maze_full_circle,9,attempted,1328
B/gain=0.8,memory_maze_full_circle,10,attempted,1323
B/gain=0.8,memory_maze_full_circle,11,attempted,1387
B/gain=0.8,memory_maze_full_circle,12,attempted,1456
B/gain=0.8,memory_maze_full_circle,13,attempted,1113
B/gain=0.8,memory_maze_full_circle,14,attempted,1264
B/gain=0.8,memory_maze_full_circle,15,attempted,1417
B/gain=0.8,memory_maze_full_circle,16,attempted,1352
B/gain=0.8,memory_maze_full_circle,17,attempted,1331
B/gain=0.8,memory_maze_full_circle,18,attempted,1353
B/gain=0.8,memory_maze_full_circle,19,attempted,1424
B/gain=0.8,memory_maze_full_circle,20,attempted,1340
B/gain=0.8,memory_maze_full_circle,21,attempted,1386
B/gain=0.8,memory_maze_full_circle,22,attempted,1304
B/gain=0.8,memory_maze_full_circle,23,attempted,1360
B/gain=0.8,memory_maze_full_circle,24,attempted,1258
B/gain=0.8,memory_maze_full_circle,25,attempted,1353
B/gain=0.8,memory_maze_full_circle,26,attempted,1424
B/gain=0.8,memory_maze_full_circle,27,attempted,1202
B/gain=0.8,memory_maze_full_circle,28,attempted,1361
B/gain=0.8,memory_maze_full_circle,29,attempted,1293
B/gain=0.8,memory_maze_full_circle,30,attempted,1359
B/gain=0.8,memory_maze_full_circle,1,headings_recalling,16
B/gain=0.8,memory_maze_full_circle,2,headings_recalling,16
B/gain=0.8,memory_maze_full_circle,3,headings_recalling,15
B/gain=0.8,memory_maze_full_circle,4,headings_recalling,16
B/gain=0.8,memory_maze_full_circle,5,headings_recalling,15
B/gain=0.8,memory_maze_full_circle,6,headings_recalling,16
B/gain=0.8,memory_maze_full_circle,7,headings_recalling,16
B/gain=0.8,memory_maze_full_circle,8,headings_recalling,16
B/gain=0.8,memory_maze_full_circle,9,headings_recalling,16
B/gain=0.8,memory_maze_full_circle,10,headings_recalling,16
B/gain=0.8,memory_maze_full_circle,11,headings_recalling,16
B/gain=0.8,memory_maze_full_circle,12,headings_recalling,15
B/gain=0.8,memory_maze_full_circle,13,headings_recalling,14
B/gain=0.8,memory_maze_full_circle,14,headings_recalling,16
B/gain=0.8,memory_maze_full_circle,15,headings_recalling,16
B/gain=0.8,memory_maze_full_circle,16,headings_recalling,16
B/gain=0.8,memory_maze_full_circle,17,headings_recalling,15
B/gain=0.8,memory_maze_full_circle,18,headings_recalling,16
B/gain=0.8,memory_maze_full_circle,19,headings_recalling,16
B/gain=0.8,memory_maze_full_circle,20,headings_recalling,16
B/gain=0.8,memory_maze_full_circle,21,headings_recalling,16
B/gain=0.8,memory_maze_full_circle,22,headings_recalling,16
B/gain=0.8,memory_maze_full_circle,23,headings_recalling,16
B/gain=0.8,memory_maze_full_circle,24,headings_recalling,16
B/gain=0.8,memory_maze_full_circle,25,headings_recalling,16
B/gain=0.8,memory_maze_full_circle,26,headings_recalling,16
B/gain=0.8,memory_maze_full_circle,27,headings_recalling,16
B/gain=0.8,memory_maze_full_circle,28,headings_recalling,16
B/gain=0.8,memory_maze_full_circle,29,headings_recalling,14
B/gain=0.8,memory_maze_full_circle,30,headings_recalling,15
B/gain=0.8,memory_maze_full_circle,1,recall_rate,0.999235
B/gain=0.8,memory_maze_full_circle,2,recall_rate,0.998488
B/gain=0.8,memory_maze_full_circle,3,recall_rate,0.996613
B/gain=0.8,memory_maze_full_circle,4,recall_rate,0.998395
B/gain=0.8,memory_maze_full_circle,5,recall_rate,0.998428
B/gain=0.8,memory_maze_full_circle,6,recall_rate,1
B/gain=0.8,memory_maze_full_circle,7,recall_rate,0.999297
B/gain=0.8,memory_maze_full_circle,8,recall_rate,1
B/gain=0.8,memory_maze_full_circle,9,recall_rate,1
B/gain=0.8,memory_maze_full_circle,10,recall_rate,1
B/gain=0.8,memory_maze_full_circle,11,recall_rate,1
B/gain=0.8,memory_maze_full_circle,12,recall_rate,0.999313
B/gain=0.8,memory_maze_full_circle,13,recall_rate,0.992812
B/gain=0.8,memory_maze_full_circle,14,recall_rate,1
B/gain=0.8,memory_maze_full_circle,15,recall_rate,0.999294
B/gain=0.8,memory_maze_full_circle,16,recall_rate,1
B/gain=0.8,memory_maze_full_circle,17,recall_rate,0.997746
B/gain=0.8,memory_maze_full_circle,18,recall_rate,1
B/gain=0.8,memory_maze_full_circle,19,recall_rate,1
B/gain=0.8,memory_maze_full_circle,20,recall_rate,1
B/gain=0.8,memory_maze_full_circle,21,recall_rate,0.999278
B/gain=0.8,memory_maze_full_circle,22,recall_rate,0.999233
B/gain=0.8,memory_maze_full_circle,23,recall_rate,1
B/gain=0.8,memory_maze_full_circle,24,recall_rate,0.99841
B/gain=0.8,memory_maze_full_circle,25,recall_rate,1
B/gain=0.8,memory_maze_full_circle,26,recall_rate,1
B/gain=0.8,memory_maze_full_circle,27,recall_rate,0.997504
B/gain=0.8,memory_maze_full_circle,28,recall_rate,1
B/gain=0.8,memory_maze_full_circle,29,recall_rate,0.99768
B/gain=0.8,memory_maze_full_circle,30,recall_rate,0.997792
B/gain=0.8,memory_maze_full_circle,1,recalls,1307
B/gain=0.8,memory_maze_full_circle,2,recalls,1321
B/gain=0.8,memory_maze_full_circle,3,recalls,1177
B/gain=0.8,memory_maze_full_circle,4,recalls,1244
B/gain=0.8,memory_maze_full_circle,5,recalls,1270
B/gain=0.8,memory_maze_full_circle,6,recalls,1338
B/gain=0.8,memory_maze_full_circle,7,recalls,1421
B/gain=0.8,memory_maze_full_circle,8,recalls,1303
B/gain=0.8,memory_maze_full_circle,9,recalls,1328
B/gain=0.8,memory_maze_full_circle,10,recalls,1323
B/gain=0.8,memory_maze_full_circle,11,recalls,1387
B/gain=0.8,memory_maze_full_circle,12,recalls,1455
B/gain=0.8,memory_maze_full_circle,13,recalls,1105
B/gain=0.8,memory_maze_full_circle,14,recalls,1264
B/gain=0.8,memory_maze_full_circle,15,recalls,1416
B/gain=0.8,memory_maze_full_circle,16,recalls,1352
B/gain=0.8,memory_maze_full_circle,17,recalls,1328
B/gain=0.8,memory_maze_full_circle,18,recalls,1353
B/gain=0.8,memory_maze_full_circle,19,recalls,1424
B/gain=0.8,memory_maze_full_circle,20,recalls,1340
B/gain=0.8,memory_maze_full_circle,21,recalls,1385
B/gain=0.8,memory_maze_full_circle,22,recalls,1303
B/gain=0.8,memory_maze_full_circle,23,recalls,1360
B/gain=0.8,memory_maze_full_circle,24,recalls,1256
B/gain=0.8,memory_maze_full_circle,25,recalls,1353
B/gain=0.8,memory_maze_full_circle,26,recalls,1424
B/gain=0.8,memory_maze_full_circle,27,recalls,1199
B/gain=0.8,memory_maze_full_circle,28,recalls,1361
B/gain=0.8,memory_maze_full_circle,29,recalls,1290
B/gain=0.8,memory_maze_full_circle,30,recalls,1356
B/gain=1.5,memory_maze_full_circle,1,attempted,1361
B/gain=1.5,memory_maze_full_circle,2,attempted,1325
B/gain=1.5,memory_maze_full_circle,3,attempted,1170
B/gain=1.5,memory_maze_full_circle,4,attempted,1282
B/gain=1.5,memory_maze_full_circle,5,attempted,1336
B/gain=1.5,memory_maze_full_circle,6,attempted,1335
B/gain=1.5,memory_maze_full_circle,7,attempted,1467
B/gain=1.5,memory_maze_full_circle,8,attempted,1352
B/gain=1.5,memory_maze_full_circle,9,attempted,1327
B/gain=1.5,memory_maze_full_circle,10,attempted,1381
B/gain=1.5,memory_maze_full_circle,11,attempted,1379
B/gain=1.5,memory_maze_full_circle,12,attempted,1476
B/gain=1.5,memory_maze_full_circle,13,attempted,1131
B/gain=1.5,memory_maze_full_circle,14,attempted,1347
B/gain=1.5,memory_maze_full_circle,15,attempted,1474
B/gain=1.5,memory_maze_full_circle,16,attempted,1331
B/gain=1.5,memory_maze_full_circle,17,attempted,1359
B/gain=1.5,memory_maze_full_circle,18,attempted,1351
B/gain=1.5,memory_maze_full_circle,19,attempted,1484
B/gain=1.5,memory_maze_full_circle,20,attempted,1330
B/gain=1.5,memory_maze_full_circle,21,attempted,1426
B/gain=1.5,memory_maze_full_circle,22,attempted,1375
B/gain=1.5,memory_maze_full_circle,23,attempted,1368
B/gain=1.5,memory_maze_full_circle,24,attempted,1311
B/gain=1.5,memory_maze_full_circle,25,attempted,1332
B/gain=1.5,memory_maze_full_circle,26,attempted,1386
B/gain=1.5,memory_maze_full_circle,27,attempted,1235
B/gain=1.5,memory_maze_full_circle,28,attempted,1315
B/gain=1.5,memory_maze_full_circle,29,attempted,1362
B/gain=1.5,memory_maze_full_circle,30,attempted,1407
B/gain=1.5,memory_maze_full_circle,1,headings_recalling,16
B/gain=1.5,memory_maze_full_circle,2,headings_recalling,16
B/gain=1.5,memory_maze_full_circle,3,headings_recalling,15
B/gain=1.5,memory_maze_full_circle,4,headings_recalling,16
B/gain=1.5,memory_maze_full_circle,5,headings_recalling,16
B/gain=1.5,memory_maze_full_circle,6,headings_recalling,15
B/gain=1.5,memory_maze_full_circle,7,headings_recalling,16
B/gain=1.5,memory_maze_full_circle,8,headings_recalling,16
B/gain=1.5,memory_maze_full_circle,9,headings_recalling,16
B/gain=1.5,memory_maze_full_circle,10,headings_recalling,16
B/gain=1.5,memory_maze_full_circle,11,headings_recalling,15
B/gain=1.5,memory_maze_full_circle,12,headings_recalling,16
B/gain=1.5,memory_maze_full_circle,13,headings_recalling,13
B/gain=1.5,memory_maze_full_circle,14,headings_recalling,15
B/gain=1.5,memory_maze_full_circle,15,headings_recalling,16
B/gain=1.5,memory_maze_full_circle,16,headings_recalling,16
B/gain=1.5,memory_maze_full_circle,17,headings_recalling,16
B/gain=1.5,memory_maze_full_circle,18,headings_recalling,15
B/gain=1.5,memory_maze_full_circle,19,headings_recalling,16
B/gain=1.5,memory_maze_full_circle,20,headings_recalling,16
B/gain=1.5,memory_maze_full_circle,21,headings_recalling,16
B/gain=1.5,memory_maze_full_circle,22,headings_recalling,16
B/gain=1.5,memory_maze_full_circle,23,headings_recalling,16
B/gain=1.5,memory_maze_full_circle,24,headings_recalling,16
B/gain=1.5,memory_maze_full_circle,25,headings_recalling,16
B/gain=1.5,memory_maze_full_circle,26,headings_recalling,16
B/gain=1.5,memory_maze_full_circle,27,headings_recalling,15
B/gain=1.5,memory_maze_full_circle,28,headings_recalling,16
B/gain=1.5,memory_maze_full_circle,29,headings_recalling,16
B/gain=1.5,memory_maze_full_circle,30,headings_recalling,16
B/gain=1.5,memory_maze_full_circle,1,recall_rate,0.999265
B/gain=1.5,memory_maze_full_circle,2,recall_rate,0.999245
B/gain=1.5,memory_maze_full_circle,3,recall_rate,0.997436
B/gain=1.5,memory_maze_full_circle,4,recall_rate,0.99922
B/gain=1.5,memory_maze_full_circle,5,recall_rate,1
B/gain=1.5,memory_maze_full_circle,6,recall_rate,0.998502
B/gain=1.5,memory_maze_full_circle,7,recall_rate,0.999318
B/gain=1.5,memory_maze_full_circle,8,recall_rate,1
B/gain=1.5,memory_maze_full_circle,9,recall_rate,0.999246
B/gain=1.5,memory_maze_full_circle,10,recall_rate,1
B/gain=1.5,memory_maze_full_circle,11,recall_rate,0.999275
B/gain=1.5,memory_maze_full_circle,12,recall_rate,0.999322
B/gain=1.5,memory_maze_full_circle,13,recall_rate,0.993811
B/gain=1.5,memory_maze_full_circle,14,recall_rate,0.998515
B/gain=1.5,memory_maze_full_circle,15,recall_rate,1
B/gain=1.5,memory_maze_full_circle,16,recall_rate,1
B/gain=1.5,memory_maze_full_circle,17,recall_rate,0.999264
B/gain=1.5,memory_maze_full_circle,18,recall_rate,0.997779
B/gain=1.5,memory_maze_full_circle,19,recall_rate,1
B/gain=1.5,memory_maze_full_circle,20,recall_rate,0.999248
B/gain=1.5,memory_maze_full_circle,21,recall_rate,0.999299
B/gain=1.5,memory_maze_full_circle,22,recall_rate,0.999273
B/gain=1.5,memory_maze_full_circle,23,recall_rate,0.999269
B/gain=1.5,memory_maze_full_circle,24,recall_rate,0.999237
B/gain=1.5,memory_maze_full_circle,25,recall_rate,0.997748
B/gain=1.5,memory_maze_full_circle,26,recall_rate,0.999278
B/gain=1.5,memory_maze_full_circle,27,recall_rate,0.998381
B/gain=1.5,memory_maze_full_circle,28,recall_rate,0.99924
B/gain=1.5,memory_maze_full_circle,29,recall_rate,1
B/gain=1.5,memory_maze_full_circle,30,recall_rate,0.999289
B/gain=1.5,memory_maze_full_circle,1,recalls,1360
B/gain=1.5,memory_maze_full_circle,2,recalls,1324
B/gain=1.5,memory_maze_full_circle,3,recalls,1167
B/gain=1.5,memory_maze_full_circle,4,recalls,1281
B/gain=1.5,memory_maze_full_circle,5,recalls,1336
B/gain=1.5,memory_maze_full_circle,6,recalls,1333
B/gain=1.5,memory_maze_full_circle,7,recalls,1466
B/gain=1.5,memory_maze_full_circle,8,recalls,1352
B/gain=1.5,memory_maze_full_circle,9,recalls,1326
B/gain=1.5,memory_maze_full_circle,10,recalls,1381
B/gain=1.5,memory_maze_full_circle,11,recalls,1378
B/gain=1.5,memory_maze_full_circle,12,recalls,1475
B/gain=1.5,memory_maze_full_circle,13,recalls,1124
B/gain=1.5,memory_maze_full_circle,14,recalls,1345
B/gain=1.5,memory_maze_full_circle,15,recalls,1474
B/gain=1.5,memory_maze_full_circle,16,recalls,1331
B/gain=1.5,memory_maze_full_circle,17,recalls,1358
B/gain=1.5,memory_maze_full_circle,18,recalls,1348
B/gain=1.5,memory_maze_full_circle,19,recalls,1484
B/gain=1.5,memory_maze_full_circle,20,recalls,1329
B/gain=1.5,memory_maze_full_circle,21,recalls,1425
B/gain=1.5,memory_maze_full_circle,22,recalls,1374
B/gain=1.5,memory_maze_full_circle,23,recalls,1367
B/gain=1.5,memory_maze_full_circle,24,recalls,1310
B/gain=1.5,memory_maze_full_circle,25,recalls,1329
B/gain=1.5,memory_maze_full_circle,26,recalls,1385
B/gain=1.5,memory_maze_full_circle,27,recalls,1233
B/gain=1.5,memory_maze_full_circle,28,recalls,1314
B/gain=1.5,memory_maze_full_circle,29,recalls,1362
B/gain=1.5,memory_maze_full_circle,30,recalls,1406
