claim,setting,task,condition,statistic,n,estimate,low,high,method,label,note
3,A_speed,memory_maze_full_circle,A_speed/gain=1.5,recall_rate_mean,30,0.998705,0.997055,0.999256,bca,,
3,A_speed,memory_maze_full_circle,A_speed/gain=1.5,fraction_seeds_recall_ok,30,1,nan,nan,none,,
3,A_speed,memory_maze_full_circle,A_speed/gain=1.5,mean_heading_rate,30,0.987881,0.972516,0.994003,bca,,
3,A_speed,memory_maze_full_circle,A_speed/gain=1.5,headings_recalling_mean,30,15.6333,15.1667,15.8333,bca,,
3,A_speed,memory_maze_full_circle,A_speed/gain=1.5,fraction_seeds_all_headings,30,0.766667,nan,nan,none,,
3,A_speed,memory_maze_full_circle,A_speed/gain=1.5,fraction_runs_recalling,480,0.977083,nan,nan,none,,
3,A_speed,memory_maze_full_circle,A_speed/gain=1.5,recalls_mean,30,1235.97,nan,nan,none,,
3,A_speed,memory_maze_full_circle,A_speed/gain=1.5/heading=0.00,fraction_seeds_recalling_heading,30,1,nan,nan,none,,
3,A_speed,memory_maze_full_circle,A_speed/gain=1.5/heading=0.39,fraction_seeds_recalling_heading,30,1,nan,nan,none,,
3,A_speed,memory_maze_full_circle,A_speed/gain=1.5/heading=0.79,fraction_seeds_recalling_heading,30,1,nan,nan,none,,
3,A_speed,memory_maze_full_circle,A_speed/gain=1.5/heading=1.18,fraction_seeds_recalling_heading,30,1,nan,nan,none,,
3,A_speed,memory_maze_full_circle,A_speed/gain=1.5/heading=1.57,fraction_seeds_recalling_heading,30,1,nan,nan,none,,
3,A_speed,memory_maze_full_circle,A_speed/gain=1.5/heading=1.96,fraction_seeds_recalling_heading,30,0.933333,nan,nan,none,,
3,A_speed,memory_maze_full_circle,A_speed/gain=1.5/heading=2.36,fraction_seeds_recalling_heading,30,1,nan,nan,none,,
3,A_speed,memory_maze_full_circle,A_speed/gain=1.5/heading=2.75,fraction_seeds_recalling_heading,30,0.966667,nan,nan,none,,
3,A_speed,memory_maze_full_circle,A_speed/gain=1.5/heading=3.14,fraction_seeds_recalling_heading,30,0.966667,nan,nan,none,,
3,A_speed,memory_maze_full_circle,A_speed/gain=1.5/heading=3.53,fraction_seeds_recalling_heading,30,0.933333,nan,nan,none,,
3,A_speed,memory_maze_full_circle,A_speed/gain=1.5/heading=3.93,fraction_seeds_recalling_heading,30,0.933333,nan,nan,none,,
3,A_speed,memory_maze_full_circle,A_speed/gain=1.5/heading=4.32,fraction_seeds_recalling_heading,30,1,nan,nan,none,,
3,A_speed,memory_maze_full_circle,A_speed/gain=1.5/heading=4.71,fraction_seeds_recalling_heading,30,0.966667,nan,nan,none,,
3,A_speed,memory_maze_full_circle,A_speed/gain=1.5/heading=5.11,fraction_seeds_recalling_heading,30,1,nan,nan,none,,
3,A_speed,memory_maze_full_circle,A_speed/gain=1.5/heading=5.50,fraction_seeds_recalling_heading,30,0.933333,nan,nan,none,,
3,A_speed,memory_maze_full_circle,A_speed/gain=1.5/heading=5.89,fraction_seeds_recalling_heading,30,1,nan,nan,none,,
3,A_speed,,,verdict,0,nan,nan,nan,none,survives,recall-rate CI lower ends gain 1.5: 0.997 (bound 0.9); headings-recalling CI lower ends gain 1.5: 15.17 (bound 15)
3,A_turn,memory_maze_full_circle,A_turn/gain=1.5,recall_rate_mean,30,0.994566,0.992652,0.996046,bca,,
3,A_turn,memory_maze_full_circle,A_turn/gain=1.5,fraction_seeds_recall_ok,30,1,nan,nan,none,,
3,A_turn,memory_maze_full_circle,A_turn/gain=1.5,mean_heading_rate,30,0.93595,0.913941,0.953014,bca,,
3,A_turn,memory_maze_full_circle,A_turn/gain=1.5,headings_recalling_mean,30,14.1333,13.5333,14.6667,bca,,
3,A_turn,memory_maze_full_circle,A_turn/gain=1.5,fraction_seeds_all_headings,30,0.233333,nan,nan,none,,
3,A_turn,memory_maze_full_circle,A_turn/gain=1.5,fraction_runs_recalling,480,0.883333,nan,nan,none,,
3,A_turn,memory_maze_full_circle,A_turn/gain=1.5,recalls_mean,30,1138.13,nan,nan,none,,
3,A_turn,memory_maze_full_circle,A_turn/gain=1.5/heading=0.00,fraction_seeds_recalling_heading,30,1,nan,nan,none,,
3,A_turn,memory_maze_full_circle,A_turn/gain=1.5/heading=0.39,fraction_seeds_recalling_heading,30,1,nan,nan,none,,
3,A_turn,memory_maze_full_circle,A_turn/gain=1.5/heading=0.79,fraction_seeds_recalling_heading,30,1,nan,nan,none,,
3,A_turn,memory_maze_full_circle,A_turn/gain=1.5/heading=1.18,fraction_seeds_recalling_heading,30,1,nan,nan,none,,
3,A_turn,memory_maze_full_circle,A_turn/gain=1.5/heading=1.57,fraction_seeds_recalling_heading,30,0.866667,nan,nan,none,,
3,A_turn,memory_maze_full_circle,A_turn/gain=1.5/heading=1.96,fraction_seeds_recalling_heading,30,0.833333,nan,nan,none,,
3,A_turn,memory_maze_full_circle,A_turn/gain=1.5/heading=2.36,fraction_seeds_recalling_heading,30,0.866667,nan,nan,none,,
3,A_turn,memory_maze_full_circle,A_turn/gain=1.5/heading=2.75,fraction_seeds_recalling_heading,30,0.9,nan,nan,none,,
3,A_turn,memory_maze_full_circle,A_turn/gain=1.5/heading=3.14,fraction_seeds_recalling_heading,30,0.9,nan,nan,none,,
3,A_turn,memory_maze_full_circle,A_turn/gain=1.5/heading=3.53,fraction_seeds_recalling_heading,30,0.733333,nan,nan,none,,
3,A_turn,memory_maze_full_circle,A_turn/gain=1.5/heading=3.93,fraction_seeds_recalling_heading,30,0.733333,nan,nan,none,,
3,A_turn,memory_maze_full_circle,A_turn/gain=1.5/heading=4.32,fraction_seeds_recalling_heading,30,0.933333,nan,nan,none,,
3,A_turn,memory_maze_full_circle,A_turn/gain=1.5/heading=4.71,fraction_seeds_recalling_heading,30,0.766667,nan,nan,none,,
3,A_turn,memory_maze_full_circle,A_turn/gain=1.5/heading=5.11,fraction_seeds_recalling_heading,30,0.833333,nan,nan,none,,
3,A_turn,memory_maze_full_circle,A_turn/gain=1.5/heading=5.50,fraction_seeds_recalling_heading,30,0.933333,nan,nan,none,,
3,A_turn,memory_maze_full_circle,A_turn/gain=1.5/heading=5.89,fraction_seeds_recalling_heading,30,0.833333,nan,nan,none,,
3,A_turn,,,verdict,0,nan,nan,nan,none,weakened,recall-rate CI lower ends gain 1.5: 0.993 (bound 0.9); headings-recalling CI lower ends gain 1.5: 13.53 (bound 15)
3,A_softmax,memory_maze_full_circle,A_softmax/gain=1.5,recall_rate_mean,30,0.995575,0.994132,0.996679,bca,,
3,A_softmax,memory_maze_full_circle,A_softmax/gain=1.5,fraction_seeds_recall_ok,30,1,nan,nan,none,,
3,A_softmax,memory_maze_full_circle,A_softmax/gain=1.5,mean_heading_rate,30,0.92354,0.896261,0.944837,bca,,
3,A_softmax,memory_maze_full_circle,A_softmax/gain=1.5,headings_recalling_mean,30,14.3333,13.9,14.7333,bca,,
3,A_softmax,memory_maze_full_circle,A_softmax/gain=1.5,fraction_seeds_all_headings,30,0.166667,nan,nan,none,,
3,A_softmax,memory_maze_full_circle,A_softmax/gain=1.5,fraction_runs_recalling,480,0.895833,nan,nan,none,,
3,A_softmax,memory_maze_full_circle,A_softmax/gain=1.5,recalls_mean,30,1249.23,nan,nan,none,,
3,A_softmax,memory_maze_full_circle,A_softmax/gain=1.5/heading=0.00,fraction_seeds_recalling_heading,30,1,nan,nan,none,,
3,A_softmax,memory_maze_full_circle,A_softmax/gain=1.5/heading=0.39,fraction_seeds_recalling_heading,30,1,nan,nan,none,,
3,A_softmax,memory_maze_full_circle,A_softmax/gain=1.5/heading=0.79,fraction_seeds_recalling_heading,30,1,nan,nan,none,,
3,A_softmax,memory_maze_full_circle,A_softmax/gain=1.5/heading=1.18,fraction_seeds_recalling_heading,30,0.966667,nan,nan,none,,
3,A_softmax,memory_maze_full_circle,A_softmax/gain=1.5/heading=1.57,fraction_seeds_recalling_heading,30,0.866667,nan,nan,none,,
3,A_softmax,memory_maze_full_circle,A_softmax/gain=1.5/heading=1.96,fraction_seeds_recalling_heading,30,0.9,nan,nan,none,,
3,A_softmax,memory_maze_full_circle,A_softmax/gain=1.5/heading=2.36,fraction_seeds_recalling_heading,30,0.766667,nan,nan,none,,
3,A_softmax,memory_maze_full_circle,A_softmax/gain=1.5/heading=2.75,fraction_seeds_recalling_heading,30,0.733333,nan,nan,none,,
3,A_softmax,memory_maze_full_circle,A_softmax/gain=1.5/heading=3.14,fraction_seeds_recalling_heading,30,0.966667,nan,nan,none,,
3,A_softmax,memory_maze_full_circle,A_softmax/gain=1.5/heading=3.53,fraction_seeds_recalling_heading,30,0.866667,nan,nan,none,,
3,A_softmax,memory_maze_full_circle,A_softmax/gain=1.5/heading=3.93,fraction_seeds_recalling_heading,30,0.866667,nan,nan,none,,
3,A_softmax,memory_maze_full_circle,A_softmax/gain=1.5/heading=4.32,fraction_seeds_recalling_heading,30,0.866667,nan,nan,none,,
3,A_softmax,memory_maze_full_circle,A_softmax/gain=1.5/heading=4.71,fraction_seeds_recalling_heading,30,0.966667,nan,nan,none,,
3,A_softmax,memory_maze_full_circle,A_softmax/gain=1.5/heading=5.11,fraction_seeds_recalling_heading,30,0.9,nan,nan,none,,
3,A_softmax,memory_maze_full_circle,A_softmax/gain=1.5/heading=5.50,fraction_seeds_recalling_heading,30,0.8,nan,nan,none,,
3,A_softmax,memory_maze_full_circle,A_softmax/gain=1.5/heading=5.89,fraction_seeds_recalling_heading,30,0.866667,nan,nan,none,,
3,A_softmax,,,verdict,0,nan,nan,nan,none,weakened,recall-rate CI lower ends gain 1.5: 0.994 (bound 0.9); headings-recalling CI lower ends gain 1.5: 13.90 (bound 15)
