condition,walk,speed,turn,seed,ticks,distance,capped,forward_ticks,turn_ticks,rest_ticks,net_displacement,final_pos_err,final_hd_err,along_err,bias_per_unit,slope
speed_only,straight,0.05,0,1,2003,2000.3,False,2001,1,1,1979.08,40.2392,0,-40.6721,-0.020333,0.950343
speed_only,straight,0.05,0,2,2005,2000.2,False,2000,4,1,1943.77,39.2114,4.44089e-16,-40.353,-0.0201745,0.99005
speed_only,straight,0.05,0,3,2004,2000.9,False,2001,3,0,1947.81,38.3075,-4.44089e-16,-39.3937,-0.019688,0.996436
speed_only,straight,0.05,0,4,2005,2000.5,False,2000,5,0,1951.97,36.6105,0,-37.5066,-0.0187486,0.962994
speed_only,straight,0.05,0,5,2004,2000.9,False,2001,3,0,1935.89,38.6469,-4.44089e-16,-40.0176,-0.0199998,0.998871
speed_only,straight,0.05,0,6,2004,2000.2,False,2000,4,0,1978.95,39.9119,0,-40.3495,-0.0201727,1.02697
speed_only,straight,0.05,0,7,2003,2000.6,False,2001,2,0,1975.91,37.4171,4.44089e-16,-37.892,-0.0189403,0.997335
speed_only,straight,0.05,0,8,2004,2000.2,False,2000,4,0,1958.12,38.3225,0,-39.1236,-0.0195598,0.964584
speed_only,straight,0.05,0,9,2005,2000.5,False,2000,5,0,1943.64,38.4174,4.44089e-16,-39.4852,-0.0197377,0.942581
speed_only,straight,0.05,0,10,2005,2000.5,False,2000,5,0,1983.15,38.8582,0,-39.2171,-0.0196037,0.993602
speed_only,straight,0.05,0,11,2002,2000.3,False,2001,1,0,1989.54,40.3001,0,-40.4967,-0.0202453,1.06122
speed_only,straight,0.05,0,12,2003,2000.3,False,2001,1,1,1991.33,40.373,0,-40.5459,-0.0202699,1.0555
speed_only,straight,0.05,0,13,2003,2000.6,False,2001,2,0,1995.15,39.5773,0,-39.6676,-0.0198278,0.973554
speed_only,straight,0.05,0,14,2004,2000.6,False,2001,2,1,1952.05,38.9649,4.44089e-16,-39.9169,-0.0199525,0.987555
speed_only,straight,0.05,0,15,2006,2000.5,False,2000,5,1,1727.62,31.7713,4.44089e-16,-36.8282,-0.0184095,0.887561
speed_only,straight,0.05,0,16,2004,2000.9,False,2001,3,0,1989.23,39.1358,0,-39.3634,-0.0196728,1.01918
speed_only,straight,0.05,0,17,2004,2000.9,False,2001,3,0,1860.56,34.9081,-4.44089e-16,-37.3851,-0.0186842,0.999812
speed_only,straight,0.05,0,18,2004,2000.2,False,2000,4,0,1964.07,38.667,4.44089e-16,-39.4175,-0.0197068,1.03229
speed_only,straight,0.05,0,19,2005,2000.5,False,2000,5,0,1887.05,37.1967,4.44089e-16,-39.3465,-0.0196683,1.06038
speed_only,straight,0.05,0,20,2005,2000.9,False,2001,3,1,1849.5,37.4614,-4.44089e-16,-40.553,-0.0202674,0.938414
speed_only,straight,0.05,0,21,2004,2000.9,False,2001,3,0,1977,39.5788,0,-40.0521,-0.020017,1.01932
speed_only,straight,0.05,0,22,2006,2000.1,False,1999,7,0,1921.16,38.6672,0,-40.2605,-0.0201292,0.967925
speed_only,straight,0.05,0,23,2003,2000.6,False,2001,2,0,1977.12,38.48,4.44089e-16,-39.008,-0.0194982,0.915721
speed_only,straight,0.05,0,24,2004,2000.2,False,2000,4,0,1841.39,35.6791,-8.88178e-16,-38.944,-0.0194701,0.931345
speed_only,straight,0.05,0,25,2003,2000.3,False,2001,1,1,1984.38,40.2194,0,-40.5412,-0.0202676,1.0145
speed_only,straight,0.05,0,26,2005,2000.5,False,2000,5,0,1985.1,40.1624,0,-40.5101,-0.02025,1.00826
speed_only,straight,0.05,0,27,2005,2000.5,False,2000,5,0,1935.3,39.3661,4.44089e-16,-40.6158,-0.0203028,1.10028
speed_only,straight,0.05,0,28,2004,2000.2,False,2000,4,0,1961.64,39.4046,4.44089e-16,-40.1726,-0.0200843,0.987478
speed_only,straight,0.05,0,29,2006,2000.1,False,1999,7,0,1821.09,37.0335,4.44089e-16,-40.7717,-0.0203848,0.894011
speed_only,straight,0.05,0,30,2005,2000.5,False,2000,5,0,1985.07,40.5368,4.44089e-16,-40.8549,-0.0204224,1.01443
turn_only,straight,0,0.01,1,2004,2000.6,False,2001,2,1,1993.59,193.742,-0.252268,0,0,0.633127
turn_only,straight,0,0.01,2,2005,2000.5,False,2000,5,0,1908.08,551.478,-0.591262,-5.00044e-13,-2.4996e-16,1.73154
turn_only,straight,0,0.01,3,2004,2000.2,False,2000,4,0,1875.85,847.416,0.807898,-2.53877e-11,-1.26926e-14,2.49444
turn_only,straight,0,0.01,4,2006,2000.8,False,2000,6,0,1898.4,1152.15,1.00667,-7.52109e-12,-3.75904e-15,2.01872
turn_only,straight,0,0.01,5,2004,2000.2,False,2000,4,0,1870.45,115.743,0.284288,-1.63602e-12,-8.17931e-16,1.12817
turn_only,straight,0,0.01,6,2004,2000.2,False,2000,4,0,1978.95,274.774,-0.099383,0,0,1.0279
turn_only,straight,0,0.01,7,2004,2000.9,False,2001,3,0,1987.85,682.052,0.882764,0,0,2.36748
turn_only,straight,0,0.01,8,2004,2000.2,False,2000,4,0,1973.85,378.013,0.533126,-4.17977e-12,-2.08967e-15,1.14131
turn_only,straight,0,0.01,9,2005,2000.5,False,2000,5,0,1943.64,310.473,0.122888,-9.71134e-12,-4.85446e-15,1.69369
turn_only,straight,0,0.01,10,2005,2000.5,False,2000,5,0,1969.77,256.306,0.0876136,-1.94289e-13,-9.71202e-17,1.81602
turn_only,straight,0,0.01,11,2002,2000.3,False,2001,1,0,1989.54,175.576,-0.327896,0,0,0.665674
turn_only,straight,0,0.01,12,2004,2000.2,False,2000,4,0,1918.86,73.6636,-0.321483,-2.17484e-11,-1.08731e-14,0.478814
turn_only,straight,0,0.01,13,2004,2000.9,False,2001,3,0,1975.12,153.933,0.133606,0,0,1.41309
turn_only,straight,0,0.01,14,2004,2000.6,False,2001,2,1,1952.05,99.8168,0.185785,0,0,1.15193
turn_only,straight,0,0.01,15,2007,2000.8,False,2000,6,1,1821.93,821.106,0.701514,-4.60523e-11,-2.30169e-14,2.37673
turn_only,straight,0,0.01,16,2004,2000.9,False,2001,3,0,1989.23,28.3375,0.252899,-2.86882e-12,-1.43376e-15,0.715322
turn_only,straight,0,0.01,17,2004,2000.9,False,2001,3,0,1962.67,934.917,0.530103,-6.51035e-13,-3.25371e-16,1.79573
turn_only,straight,0,0.01,18,2004,2000.2,False,2000,4,0,1964.07,581.064,0.000403158,0,0,1.54713
turn_only,straight,0,0.01,19,2005,2000.5,False,2000,5,0,1887.05,629.495,0.1699,-2.61857e-12,-1.30896e-15,1.98337
turn_only,straight,0,0.01,20,2005,2000.9,False,2001,3,1,1849.5,53.8797,-0.346215,0,0,0.229473
turn_only,straight,0,0.01,21,2004,2000.9,False,2001,3,0,1977,673.388,0.220073,-2.09508e-11,-1.04707e-14,1.63466
turn_only,straight,0,0.01,22,2007,2000.4,False,1999,8,0,1967.97,387.538,0.00245523,-1.35669e-13,-6.78211e-17,2.0749
turn_only,straight,0,0.01,23,2003,2000.6,False,2001,2,0,1977.12,345.335,0.510096,-2.24798e-11,-1.12365e-14,1.0015
turn_only,straight,0,0.01,24,2005,2000.5,False,2000,5,0,1736,77.2252,0.0798319,-3.05531e-11,-1.52727e-14,0.864235
turn_only,straight,0,0.01,25,2004,2000.2,False,2000,4,0,1979.79,341.163,-0.459179,-1.08225e-12,-5.41069e-16,2.15004
turn_only,straight,0,0.01,26,2005,2000.5,False,2000,5,0,1985.1,622.12,-0.559626,-4.7109e-12,-2.35486e-15,2.35858
turn_only,straight,0,0.01,27,2005,2000.5,False,2000,5,0,1935.3,341.217,-0.0869018,-1.44087e-11,-7.20255e-15,1.08345
turn_only,straight,0,0.01,28,2004,2000.2,False,2000,4,0,1961.64,9.55525,-0.110124,-2.20468e-12,-1.10223e-15,0.362512
turn_only,straight,0,0.01,29,2006,2000.1,False,1999,7,0,1821.09,439.644,-0.202449,-3.0475e-11,-1.52367e-14,1.41442
turn_only,straight,0,0.01,30,2005,2000.5,False,2000,5,0,1985.07,265.119,-0.138534,-2.12141e-12,-1.06044e-15,2.32667
both,straight,0.05,0.01,1,2004,2000.6,False,2001,2,1,1993.59,221.976,-0.272081,-41.3499,-0.0206687,1.45081
both,straight,0.05,0.01,2,2005,2000.5,False,2000,5,0,1908.08,398.051,-0.172435,-38.9597,-0.019475,1.7513
both,straight,0.05,0.01,3,2004,2000.2,False,2000,4,0,1875.85,389.42,0.10622,-40.1389,-0.0200674,1.53377
both,straight,0.05,0.01,4,2006,2000.8,False,2000,6,0,1898.4,533.937,0.104734,-39.1134,-0.0195489,1.7592
both,straight,0.05,0.01,5,2004,2000.2,False,2000,4,0,1870.45,124.22,-0.0787785,-39.4281,-0.0197121,1.39517
both,straight,0.05,0.01,6,2004,2000.2,False,2000,4,0,1978.95,315.453,0.174766,-41.9635,-0.0209796,1.11695
both,straight,0.05,0.01,7,2004,2000.9,False,2001,3,0,1987.85,254.488,0.0381316,-38.2338,-0.0191083,1.40095
both,straight,0.05,0.01,8,2004,2000.2,False,2000,4,0,1973.85,95.6957,-0.188179,-37.8675,-0.0189318,1.01303
both,straight,0.05,0.01,9,2005,2000.5,False,2000,5,0,1943.64,123.896,0.125717,-38.6353,-0.0193128,0.460484
both,straight,0.05,0.01,10,2005,2000.5,False,2000,5,0,1969.77,71.22,0.00764185,-38.0216,-0.019006,0.579748
both,straight,0.05,0.01,11,2002,2000.3,False,2001,1,0,1989.54,666.527,-0.532469,-38.4944,-0.0192443,1.65032
both,straight,0.05,0.01,12,2004,2000.2,False,2000,4,0,1918.86,266.94,-0.293148,-42.3407,-0.0211682,1.06212
both,straight,0.05,0.01,13,2004,2000.9,False,2001,3,0,1975.12,74.7102,0.0487564,-39.5533,-0.0197678,0.638631
both,straight,0.05,0.01,14,2004,2000.6,False,2001,2,1,1952.05,264.408,0.721684,-39.9851,-0.0199866,1.14103
both,straight,0.05,0.01,15,2007,2000.8,False,2000,6,1,1821.93,514.694,0.358562,-37.0502,-0.0185177,1.79909
both,straight,0.05,0.01,16,2004,2000.9,False,2001,3,0,1989.23,310.735,-0.288627,-38.0806,-0.0190317,1.66985
both,straight,0.05,0.01,17,2004,2000.9,False,2001,3,0,1962.67,875.829,0.620264,-38.0511,-0.019017,1.50071
both,straight,0.05,0.01,18,2004,2000.2,False,2000,4,0,1964.07,335.939,0.115836,-39.595,-0.0197955,1.13719
both,straight,0.05,0.01,19,2005,2000.5,False,2000,5,0,1887.05,593.514,0.310507,-39.0208,-0.0195055,1.89054
both,straight,0.05,0.01,20,2005,2000.9,False,2001,3,1,1849.5,320.333,0.140465,-41.3843,-0.0206828,1.31231
both,straight,0.05,0.01,21,2004,2000.9,False,2001,3,0,1977,164.167,-0.392505,-40.9178,-0.0204497,1.56367
both,straight,0.05,0.01,22,2007,2000.4,False,1999,8,0,1967.97,323.984,0.454359,-41.2073,-0.0205995,1.03107
both,straight,0.05,0.01,23,2003,2000.6,False,2001,2,0,1977.12,774.697,0.570785,-39.4143,-0.0197012,1.953
both,straight,0.05,0.01,24,2005,2000.5,False,2000,5,0,1736,341.13,-0.231216,-37.2339,-0.0186123,1.8127
both,straight,0.05,0.01,25,2004,2000.2,False,2000,4,0,1979.79,295.018,-0.143385,-39.3148,-0.0196555,1.20565
both,straight,0.05,0.01,26,2005,2000.5,False,2000,5,0,1985.1,445.614,-0.0183622,-40.527,-0.0202584,1.68498
both,straight,0.05,0.01,27,2005,2000.5,False,2000,5,0,1935.3,517.403,0.132951,-40.3731,-0.0201815,1.37228
both,straight,0.05,0.01,28,2004,2000.2,False,2000,4,0,1961.64,109.54,-0.196748,-39.4935,-0.0197448,1.01008
both,straight,0.05,0.01,29,2006,2000.1,False,1999,7,0,1821.09,373.598,-0.394218,-39.3753,-0.0196867,1.44424
both,straight,0.05,0.01,30,2005,2000.5,False,2000,5,0,1985.07,697.866,-0.274425,-37.6983,-0.0188444,1.90718
grid_turn0.0025_speed0.0,straight,0,0.0025,1,2004,2000.6,False,2001,2,1,1993.59,48.0864,-0.063067,0,0,0.597589
grid_turn0.0025_speed0.0,straight,0,0.0025,2,2005,2000.5,False,2000,5,0,1908.08,141.451,-0.147815,-5.00044e-13,-2.4996e-16,1.73626
grid_turn0.0025_speed0.0,straight,0,0.0025,3,2004,2000.2,False,2000,4,0,1875.85,216.876,0.201974,-2.53877e-11,-1.26926e-14,2.5111
grid_turn0.0025_speed0.0,straight,0,0.0025,4,2006,2000.8,False,2000,6,0,1898.4,301.01,0.251667,-7.52109e-12,-3.75904e-15,2.03769
grid_turn0.0025_speed0.0,straight,0,0.0025,5,2004,2000.2,False,2000,4,0,1870.45,26.8362,0.0710721,-1.63602e-12,-8.17931e-16,1.0815
grid_turn0.0025_speed0.0,straight,0,0.0025,6,2004,2000.2,False,2000,4,0,1978.95,69.0417,-0.0248458,0,0,1.032
grid_turn0.0025_speed0.0,straight,0,0.0025,7,2004,2000.9,False,2001,3,0,1987.85,173.18,0.220691,0,0,2.38189
grid_turn0.0025_speed0.0,straight,0,0.0025,8,2004,2000.2,False,2000,4,0,1973.85,94.8398,0.133281,-4.17977e-12,-2.08967e-15,1.10429
grid_turn0.0025_speed0.0,straight,0,0.0025,9,2005,2000.5,False,2000,5,0,1943.64,77.7709,0.0307221,-9.71134e-12,-4.85446e-15,1.69856
grid_turn0.0025_speed0.0,straight,0,0.0025,10,2005,2000.5,False,2000,5,0,1969.77,64.4057,0.0219034,-1.94289e-13,-9.71202e-17,1.81871
grid_turn0.0025_speed0.0,straight,0,0.0025,11,2002,2000.3,False,2001,1,0,1989.54,42.3048,-0.081974,0,0,0.577158
grid_turn0.0025_speed0.0,straight,0,0.0025,12,2004,2000.2,False,2000,4,0,1918.86,20.263,-0.0803708,-2.17484e-11,-1.08731e-14,0.540904
grid_turn0.0025_speed0.0,straight,0,0.0025,13,2004,2000.9,False,2001,3,0,1975.12,35.7931,0.0334015,0,0,1.40401
grid_turn0.0025_speed0.0,straight,0,0.0025,14,2004,2000.6,False,2001,2,1,1952.05,27.3987,0.0464463,0,0,1.15995
grid_turn0.0025_speed0.0,straight,0,0.0025,15,2007,2000.8,False,2000,6,1,1821.93,206.986,0.175378,-4.60523e-11,-2.30169e-14,2.37498
grid_turn0.0025_speed0.0,straight,0,0.0025,16,2004,2000.9,False,2001,3,0,1989.23,6.15627,0.0632246,-2.86882e-12,-1.43376e-15,0.700152
grid_turn0.0025_speed0.0,straight,0,0.0025,17,2004,2000.9,False,2001,3,0,1962.67,239.043,0.132526,-6.51035e-13,-3.25371e-16,1.80623
grid_turn0.0025_speed0.0,straight,0,0.0025,18,2004,2000.2,False,2000,4,0,1964.07,146.117,0.000100789,0,0,1.54876
grid_turn0.0025_speed0.0,straight,0,0.0025,19,2005,2000.5,False,2000,5,0,1887.05,158.177,0.0424749,-2.61857e-12,-1.30896e-15,1.9847
grid_turn0.0025_speed0.0,straight,0,0.0025,20,2005,2000.9,False,2001,3,1,1849.5,14.4545,-0.0865537,0,0,0.294318
grid_turn0.0025_speed0.0,straight,0,0.0025,21,2004,2000.9,False,2001,3,0,1977,169.92,0.0550182,-2.09508e-11,-1.04707e-14,1.63951
grid_turn0.0025_speed0.0,straight,0,0.0025,22,2007,2000.4,False,1999,8,0,1967.97,97.0053,0.000613808,-1.35669e-13,-6.78211e-17,2.07741
grid_turn0.0025_speed0.0,straight,0,0.0025,23,2003,2000.6,False,2001,2,0,1977.12,82.9282,0.127524,-2.24798e-11,-1.12365e-14,0.886343
grid_turn0.0025_speed0.0,straight,0,0.0025,24,2005,2000.5,False,2000,5,0,1736,18.9408,0.019958,-3.05531e-11,-1.52727e-14,0.842721
grid_turn0.0025_speed0.0,straight,0,0.0025,25,2004,2000.2,False,2000,4,0,1979.79,85.2385,-0.114795,-1.08225e-12,-5.41069e-16,2.11258
grid_turn0.0025_speed0.0,straight,0,0.0025,26,2005,2000.5,False,2000,5,0,1985.1,156.972,-0.139907,-4.7109e-12,-2.35486e-15,2.3479
grid_turn0.0025_speed0.0,straight,0,0.0025,27,2005,2000.5,False,2000,5,0,1935.3,85.2569,-0.0217255,-1.44087e-11,-7.20255e-15,1.08531
grid_turn0.0025_speed0.0,straight,0,0.0025,28,2004,2000.2,False,2000,4,0,1961.64,2.08671,-0.0275311,-2.20468e-12,-1.10223e-15,0.379436
grid_turn0.0025_speed0.0,straight,0,0.0025,29,2006,2000.1,False,1999,7,0,1821.09,111.277,-0.0506124,-3.0475e-11,-1.52367e-14,1.42187
grid_turn0.0025_speed0.0,straight,0,0.0025,30,2005,2000.5,False,2000,5,0,1985.07,66.3204,-0.0346335,-2.12141e-12,-1.06044e-15,2.33027
grid_turn0.0025_speed0.05,straight,0.05,0.0025,1,2004,2000.6,False,2001,2,1,1993.59,68.7491,-0.0680203,-41.3499,-0.0206687,1.13087
grid_turn0.0025_speed0.05,straight,0.05,0.0025,2,2005,2000.5,False,2000,5,0,1908.08,112.055,-0.0431087,-38.9597,-0.019475,1.33118
grid_turn0.0025_speed0.05,straight,0.05,0.0025,3,2004,2000.2,False,2000,4,0,1875.85,105.729,0.0265549,-40.1389,-0.0200674,1.33833
grid_turn0.0025_speed0.05,straight,0.05,0.0025,4,2006,2000.8,False,2000,6,0,1898.4,138.376,0.0261835,-39.1134,-0.0195489,1.47312
grid_turn0.0025_speed0.05,straight,0.05,0.0025,5,2004,2000.2,False,2000,4,0,1870.45,53.3505,-0.0196946,-39.4281,-0.0197121,1.11749
grid_turn0.0025_speed0.05,straight,0.05,0.0025,6,2004,2000.2,False,2000,4,0,1978.95,88.9419,0.0436915,-41.9635,-0.0209796,1.07183
grid_turn0.0025_speed0.05,straight,0.05,0.0025,7,2004,2000.9,False,2001,3,0,1987.85,73.3249,0.0095329,-38.2338,-0.0191083,1.15512
grid_turn0.0025_speed0.05,straight,0.05,0.0025,8,2004,2000.2,False,2000,4,0,1973.85,41.5462,-0.0470448,-37.8675,-0.0189318,0.989587
grid_turn0.0025_speed0.05,straight,0.05,0.0025,9,2005,2000.5,False,2000,5,0,1943.64,39.8745,0.0314293,-38.6353,-0.0193128,0.660901
grid_turn0.0025_speed0.05,straight,0.05,0.0025,10,2005,2000.5,False,2000,5,0,1969.77,40.7359,0.00191046,-38.0216,-0.019006,0.819849
grid_turn0.0025_speed0.05,straight,0.05,0.0025,11,2002,2000.3,False,2001,1,0,1989.54,173.043,-0.133117,-38.4944,-0.0192443,1.47859
grid_turn0.0025_speed0.05,straight,0.05,0.0025,12,2004,2000.2,False,2000,4,0,1918.86,76.2347,-0.0732871,-42.3407,-0.0211682,1.04227
grid_turn0.0025_speed0.05,straight,0.05,0.0025,13,2004,2000.9,False,2001,3,0,1975.12,42.8144,0.0121891,-39.5533,-0.0197678,0.839636
grid_turn0.0025_speed0.05,straight,0.05,0.0025,14,2004,2000.6,False,2001,2,1,1952.05,66.845,0.180421,-39.9851,-0.0199866,0.948324
grid_turn0.0025_speed0.05,straight,0.05,0.0025,15,2007,2000.8,False,2000,6,1,1821.93,130.76,0.0896404,-37.0502,-0.0185177,1.46185
grid_turn0.0025_speed0.05,straight,0.05,0.0025,16,2004,2000.9,False,2001,3,0,1989.23,86.6151,-0.0721567,-38.0806,-0.0190317,1.40651
grid_turn0.0025_speed0.05,straight,0.05,0.0025,17,2004,2000.9,False,2001,3,0,1962.67,226.94,0.155066,-38.0511,-0.019017,1.41044
grid_turn0.0025_speed0.05,straight,0.05,0.0025,18,2004,2000.2,False,2000,4,0,1964.07,92.3814,0.028959,-39.595,-0.0197955,1.08605
grid_turn0.0025_speed0.05,straight,0.05,0.0025,19,2005,2000.5,False,2000,5,0,1887.05,152.612,0.0776268,-39.0208,-0.0195055,1.54945
grid_turn0.0025_speed0.05,straight,0.05,0.0025,20,2005,2000.9,False,2001,3,1,1849.5,93.3862,0.0351162,-41.3843,-0.0206828,1.23424
grid_turn0.0025_speed0.05,straight,0.05,0.0025,21,2004,2000.9,False,2001,3,0,1977,56.6411,-0.0981263,-40.9178,-0.0204497,1.31788
grid_turn0.0025_speed0.05,straight,0.05,0.0025,22,2007,2000.4,False,1999,8,0,1967.97,86.1631,0.11359,-41.2073,-0.0205995,0.986857
grid_turn0.0025_speed0.05,straight,0.05,0.0025,23,2003,2000.6,False,2001,2,0,1977.12,198.454,0.142696,-39.4143,-0.0197012,1.52474
grid_turn0.0025_speed0.05,straight,0.05,0.0025,24,2005,2000.5,False,2000,5,0,1736,87.4734,-0.057804,-37.2339,-0.0186123,1.32242
grid_turn0.0025_speed0.05,straight,0.05,0.0025,25,2004,2000.2,False,2000,4,0,1979.79,85.3764,-0.0358462,-39.3148,-0.0196555,1.12026
grid_turn0.0025_speed0.05,straight,0.05,0.0025,26,2005,2000.5,False,2000,5,0,1985.1,118.584,-0.00459055,-40.527,-0.0202584,1.39386
grid_turn0.0025_speed0.05,straight,0.05,0.0025,27,2005,2000.5,False,2000,5,0,1935.3,134.524,0.0332378,-40.3731,-0.0201815,1.29741
grid_turn0.0025_speed0.05,straight,0.05,0.0025,28,2004,2000.2,False,2000,4,0,1961.64,49.6599,-0.0491871,-39.4935,-0.0197448,1.02047
grid_turn0.0025_speed0.05,straight,0.05,0.0025,29,2006,2000.1,False,1999,7,0,1821.09,105.846,-0.0985545,-39.3753,-0.0196867,1.23084
grid_turn0.0025_speed0.05,straight,0.05,0.0025,30,2005,2000.5,False,2000,5,0,1985.07,180.618,-0.0686063,-37.6983,-0.0188444,1.65647
grid_turn0.0025_speed0.1,straight,0.1,0.0025,1,2004,2000.6,False,2001,2,1,1993.59,99.3349,-0.0680203,-82.6997,-0.0413375,1.03399
grid_turn0.0025_speed0.1,straight,0.1,0.0025,2,2005,2000.5,False,2000,5,0,1908.08,134.459,-0.0431087,-77.9193,-0.0389499,1.14836
grid_turn0.0025_speed0.1,straight,0.1,0.0025,3,2004,2000.2,False,2000,4,0,1875.85,125.098,0.0265549,-80.2777,-0.0401348,1.17954
grid_turn0.0025_speed0.1,straight,0.1,0.0025,4,2006,2000.8,False,2000,6,0,1898.4,151.108,0.0261835,-78.2269,-0.0390978,1.2801
grid_turn0.0025_speed0.1,straight,0.1,0.0025,5,2004,2000.2,False,2000,4,0,1870.45,88.7712,-0.0196946,-78.8562,-0.0394242,1.03207
grid_turn0.0025_speed0.1,straight,0.1,0.0025,6,2004,2000.2,False,2000,4,0,1978.95,114.943,0.0436915,-83.9269,-0.0419593,1.0332
grid_turn0.0025_speed0.1,straight,0.1,0.0025,7,2004,2000.9,False,2001,3,0,1987.85,98.5665,0.0095329,-76.4676,-0.0382166,1.05098
grid_turn0.0025_speed0.1,straight,0.1,0.0025,8,2004,2000.2,False,2000,4,0,1973.85,76.9159,-0.0470448,-75.7349,-0.0378637,1.00221
grid_turn0.0025_speed0.1,straight,0.1,0.0025,9,2005,2000.5,False,2000,5,0,1943.64,70.0454,0.0314293,-77.2706,-0.0386257,0.828807
grid_turn0.0025_speed0.1,straight,0.1,0.0025,10,2005,2000.5,False,2000,5,0,1969.77,77.1957,0.00191046,-76.0431,-0.0380121,0.940939
grid_turn0.0025_speed0.1,straight,0.1,0.0025,11,2002,2000.3,False,2001,1,0,1989.54,185.342,-0.133117,-76.9889,-0.0384887,1.30704
grid_turn0.0025_speed0.1,straight,0.1,0.0025,12,2004,2000.2,False,2000,4,0,1918.86,102.099,-0.0732871,-84.6814,-0.0423364,1.01703
grid_turn0.0025_speed0.1,straight,0.1,0.0025,13,2004,2000.9,False,2001,3,0,1975.12,81.0397,0.0121891,-79.1067,-0.0395355,0.947492
grid_turn0.0025_speed0.1,straight,0.1,0.0025,14,2004,2000.6,False,2001,2,1,1952.05,84.4874,0.180421,-79.9703,-0.0399731,0.924274
grid_turn0.0025_speed0.1,straight,0.1,0.0025,15,2007,2000.8,False,2000,6,1,1821.93,139.512,0.0896404,-74.1004,-0.0370354,1.23072
grid_turn0.0025_speed0.1,straight,0.1,0.0025,16,2004,2000.9,False,2001,3,0,1989.23,109.165,-0.0721567,-76.1611,-0.0380634,1.2208
grid_turn0.0025_speed0.1,straight,0.1,0.0025,17,2004,2000.9,False,2001,3,0,1962.67,235.164,0.155066,-76.1022,-0.038034,1.3095
grid_turn0.0025_speed0.1,straight,0.1,0.0025,18,2004,2000.2,False,2000,4,0,1964.07,113.929,0.028959,-79.19,-0.0395911,1.03592
grid_turn0.0025_speed0.1,straight,0.1,0.0025,19,2005,2000.5,False,2000,5,0,1887.05,162.65,0.0776268,-78.0415,-0.039011,1.34416
grid_turn0.0025_speed0.1,straight,0.1,0.0025,20,2005,2000.9,False,2001,3,1,1849.5,119.128,0.0351162,-82.7685,-0.0413656,1.1412
grid_turn0.0025_speed0.1,straight,0.1,0.0025,21,2004,2000.9,False,2001,3,0,1977,92.7227,-0.0981263,-81.8355,-0.0408993,1.1857
grid_turn0.0025_speed0.1,straight,0.1,0.0025,22,2007,2000.4,False,1999,8,0,1967.97,108.037,0.11359,-82.4146,-0.0411991,1.00096
grid_turn0.0025_speed0.1,straight,0.1,0.0025,23,2003,2000.6,False,2001,2,0,1977.12,205.962,0.142696,-78.8285,-0.0394024,1.26177
grid_turn0.0025_speed0.1,straight,0.1,0.0025,24,2005,2000.5,False,2000,5,0,1736,99.1608,-0.057804,-74.4679,-0.0372246,1.07252
grid_turn0.0025_speed0.1,straight,0.1,0.0025,25,2004,2000.2,False,2000,4,0,1979.79,112.44,-0.0358462,-78.6297,-0.0393109,1.05776
grid_turn0.0025_speed0.1,straight,0.1,0.0025,26,2005,2000.5,False,2000,5,0,1985.1,137.216,-0.00459055,-81.0539,-0.0405168,1.19424
grid_turn0.0025_speed0.1,straight,0.1,0.0025,27,2005,2000.5,False,2000,5,0,1935.3,148.85,0.0332378,-80.7462,-0.040363,1.20127
grid_turn0.0025_speed0.1,straight,0.1,0.0025,28,2004,2000.2,False,2000,4,0,1961.64,86.0996,-0.0491871,-78.9869,-0.0394895,1.0066
grid_turn0.0025_speed0.1,straight,0.1,0.0025,29,2006,2000.1,False,1999,7,0,1821.09,127.463,-0.0985545,-78.7507,-0.0393734,1.07996
grid_turn0.0025_speed0.1,straight,0.1,0.0025,30,2005,2000.5,False,2000,5,0,1985.07,191.353,-0.0686063,-75.3965,-0.0376888,1.43207
grid_turn0.005_speed0.0,straight,0,0.005,1,2004,2000.6,False,2001,2,1,1993.59,96.3922,-0.126134,0,0,0.609806
grid_turn0.005_speed0.0,straight,0,0.005,2,2005,2000.5,False,2000,5,0,1908.08,280.852,-0.295631,-5.00044e-13,-2.4996e-16,1.73492
grid_turn0.005_speed0.0,straight,0,0.005,3,2004,2000.2,False,2000,4,0,1875.85,431.312,0.403949,-2.53877e-11,-1.26926e-14,2.507
grid_turn0.005_speed0.0,straight,0,0.005,4,2006,2000.8,False,2000,6,0,1898.4,595.799,0.503335,-7.52109e-12,-3.75904e-15,2.03281
grid_turn0.005_speed0.0,straight,0,0.005,5,2004,2000.2,False,2000,4,0,1870.45,55.0631,0.142144,-1.63602e-12,-8.17931e-16,1.09829
grid_turn0.005_speed0.0,straight,0,0.005,6,2004,2000.2,False,2000,4,0,1978.95,137.886,-0.0496915,0,0,1.03055
grid_turn0.005_speed0.0,straight,0,0.005,7,2004,2000.9,False,2001,3,0,1987.85,345.464,0.441382,0,0,2.37855
grid_turn0.005_speed0.0,straight,0,0.005,8,2004,2000.2,False,2000,4,0,1973.85,189.457,0.266563,-4.17977e-12,-2.08967e-15,1.11519
grid_turn0.005_speed0.0,straight,0,0.005,9,2005,2000.5,False,2000,5,0,1943.64,155.508,0.0614442,-9.71134e-12,-4.85446e-15,1.69715
grid_turn0.005_speed0.0,straight,0,0.005,10,2005,2000.5,False,2000,5,0,1969.77,128.661,0.0438068,-1.94289e-13,-9.71202e-17,1.81821
grid_turn0.005_speed0.0,straight,0,0.005,11,2002,2000.3,False,2001,1,0,1989.54,85.4443,-0.163948,0,0,0.608129
grid_turn0.005_speed0.0,straight,0,0.005,12,2004,2000.2,False,2000,4,0,1918.86,39.1774,-0.160742,-2.17484e-11,-1.08731e-14,0.521322
grid_turn0.005_speed0.0,straight,0,0.005,13,2004,2000.9,False,2001,3,0,1975.12,73.2264,0.066803,0,0,1.40685
grid_turn0.005_speed0.0,straight,0,0.005,14,2004,2000.6,False,2001,2,1,1952.05,53.0286,0.0928925,0,0,1.1571
grid_turn0.005_speed0.0,straight,0,0.005,15,2007,2000.8,False,2000,6,1,1821.93,413.653,0.350757,-4.60523e-11,-2.30169e-14,2.37686
grid_turn0.005_speed0.0,straight,0,0.005,16,2004,2000.9,False,2001,3,0,1989.23,12.7768,0.126449,-2.86882e-12,-1.43376e-15,0.704511
grid_turn0.005_speed0.0,straight,0,0.005,17,2004,2000.9,False,2001,3,0,1962.67,475.611,0.265052,-6.51035e-13,-3.25371e-16,1.80367
grid_turn0.005_speed0.0,straight,0,0.005,18,2004,2000.2,False,2000,4,0,1964.07,291.906,0.000201579,0,0,1.54849
grid_turn0.005_speed0.0,straight,0,0.005,19,2005,2000.5,False,2000,5,0,1887.05,316.296,0.0849499,-2.61857e-12,-1.30896e-15,1.98492
grid_turn0.005_speed0.0,straight,0,0.005,20,2005,2000.9,False,2001,3,1,1849.5,28.1458,-0.173107,0,0,0.270687
grid_turn0.005_speed0.0,straight,0,0.005,21,2004,2000.9,False,2001,3,0,1977,339.119,0.110036,-2.09508e-11,-1.04707e-14,1.63824
grid_turn0.005_speed0.0,straight,0,0.005,22,2007,2000.4,False,1999,8,0,1967.97,194.028,0.00122762,-1.35669e-13,-6.78211e-17,2.07689
grid_turn0.005_speed0.0,straight,0,0.005,23,2003,2000.6,False,2001,2,0,1977.12,166.922,0.255048,-2.24798e-11,-1.12365e-14,0.924995
grid_turn0.005_speed0.0,straight,0,0.005,24,2005,2000.5,False,2000,5,0,1736,38.1239,0.039916,-3.05531e-11,-1.52727e-14,0.85046
grid_turn0.005_speed0.0,straight,0,0.005,25,2004,2000.2,False,2000,4,0,1979.79,170.409,-0.22959,-1.08225e-12,-5.41069e-16,2.12516
grid_turn0.005_speed0.0,straight,0,0.005,26,2005,2000.5,False,2000,5,0,1985.1,313.417,-0.279813,-4.7109e-12,-2.35486e-15,2.35225
grid_turn0.005_speed0.0,straight,0,0.005,27,2005,2000.5,False,2000,5,0,1935.3,170.649,-0.0434509,-1.44087e-11,-7.20255e-15,1.0849
grid_turn0.005_speed0.0,straight,0,0.005,28,2004,2000.2,False,2000,4,0,1961.64,4.22247,-0.0550622,-2.20468e-12,-1.10223e-15,0.337589
grid_turn0.005_speed0.0,straight,0,0.005,29,2006,2000.1,False,1999,7,0,1821.09,221.892,-0.101225,-3.0475e-11,-1.52367e-14,1.41986
grid_turn0.005_speed0.0,straight,0,0.005,30,2005,2000.5,False,2000,5,0,1985.07,132.651,-0.069267,-2.12141e-12,-1.06044e-15,2.32999
grid_turn0.005_speed0.05,straight,0.05,0.005,1,2004,2000.6,False,2001,2,1,1993.59,117.005,-0.136041,-41.3499,-0.0206687,1.29207
grid_turn0.005_speed0.05,straight,0.05,0.005,2,2005,2000.5,False,2000,5,0,1908.08,206.983,-0.0862174,-38.9597,-0.019475,1.55071
grid_turn0.005_speed0.05,straight,0.05,0.005,3,2004,2000.2,False,2000,4,0,1875.85,199.037,0.0531098,-40.1389,-0.0200674,1.46821
grid_turn0.005_speed0.05,straight,0.05,0.005,4,2006,2000.8,False,2000,6,0,1898.4,269.599,0.052367,-39.1134,-0.0195489,1.64004
grid_turn0.005_speed0.05,straight,0.05,0.005,5,2004,2000.2,False,2000,4,0,1870.45,74.605,-0.0393893,-39.4281,-0.0197121,1.2531
grid_turn0.005_speed0.05,straight,0.05,0.005,6,2004,2000.2,False,2000,4,0,1978.95,162.204,0.0873829,-41.9635,-0.0209796,1.10207
grid_turn0.005_speed0.05,straight,0.05,0.005,7,2004,2000.9,False,2001,3,0,1987.85,131.233,0.0190658,-38.2338,-0.0191083,1.29049
grid_turn0.005_speed0.05,straight,0.05,0.005,8,2004,2000.2,False,2000,4,0,1973.85,55.1196,-0.0940895,-37.8675,-0.0189318,0.997236
grid_turn0.005_speed0.05,straight,0.05,0.005,9,2005,2000.5,False,2000,5,0,1943.64,63.8224,0.0628586,-38.6353,-0.0193128,0.5174
grid_turn0.005_speed0.05,straight,0.05,0.005,10,2005,2000.5,False,2000,5,0,1969.77,48.3964,0.00382093,-38.0216,-0.019006,0.676552
grid_turn0.005_speed0.05,straight,0.05,0.005,11,2002,2000.3,False,2001,1,0,1989.54,338.252,-0.266235,-38.4944,-0.0192443,1.59623
grid_turn0.005_speed0.05,straight,0.05,0.005,12,2004,2000.2,False,2000,4,0,1918.86,137.45,-0.146574,-42.3407,-0.0211682,1.05718
grid_turn0.005_speed0.05,straight,0.05,0.005,13,2004,2000.9,False,2001,3,0,1975.12,50.8574,0.0243782,-39.5533,-0.0197678,0.716645
grid_turn0.005_speed0.05,straight,0.05,0.005,14,2004,2000.6,False,2001,2,1,1952.05,131.458,0.360842,-39.9851,-0.0199866,1.02965
grid_turn0.005_speed0.05,straight,0.05,0.005,15,2007,2000.8,False,2000,6,1,1821.93,258.118,0.179281,-37.0502,-0.0185177,1.65537
grid_turn0.005_speed0.05,straight,0.05,0.005,16,2004,2000.9,False,2001,3,0,1989.23,159.613,-0.144313,-38.0806,-0.0190317,1.57812
grid_turn0.005_speed0.05,straight,0.05,0.005,17,2004,2000.9,False,2001,3,0,1962.67,446.174,0.310132,-38.0511,-0.019017,1.47082
grid_turn0.005_speed0.05,straight,0.05,0.005,18,2004,2000.2,False,2000,4,0,1964.07,171.791,0.057918,-39.595,-0.0197955,1.1227
grid_turn0.005_speed0.05,straight,0.05,0.005,19,2005,2000.5,False,2000,5,0,1887.05,299.652,0.155254,-39.0208,-0.0195055,1.7362
grid_turn0.005_speed0.05,straight,0.05,0.005,20,2005,2000.9,False,2001,3,1,1849.5,167.596,0.0702324,-41.3843,-0.0206828,1.29241
grid_turn0.005_speed0.05,straight,0.05,0.005,21,2004,2000.9,False,2001,3,0,1977,87.1507,-0.196253,-40.9178,-0.0204497,1.46163
grid_turn0.005_speed0.05,straight,0.05,0.005,22,2007,2000.4,False,1999,8,0,1967.97,162.802,0.227179,-41.2073,-0.0205995,0.997776
grid_turn0.005_speed0.05,straight,0.05,0.005,23,2003,2000.6,False,2001,2,0,1977.12,392.628,0.285392,-39.4143,-0.0197012,1.77041
grid_turn0.005_speed0.05,straight,0.05,0.005,24,2005,2000.5,False,2000,5,0,1736,170.836,-0.115608,-37.2339,-0.0186123,1.59214
grid_turn0.005_speed0.05,straight,0.05,0.005,25,2004,2000.2,False,2000,4,0,1979.79,152.556,-0.0716923,-39.3148,-0.0196555,1.17518
grid_turn0.005_speed0.05,straight,0.05,0.005,26,2005,2000.5,False,2000,5,0,1985.1,226.513,-0.0091811,-40.527,-0.0202584,1.57011
grid_turn0.005_speed0.05,straight,0.05,0.005,27,2005,2000.5,False,2000,5,0,1935.3,261.227,0.0664756,-40.3731,-0.0201815,1.35161
grid_turn0.005_speed0.05,straight,0.05,0.005,28,2004,2000.2,False,2000,4,0,1961.64,67.2322,-0.0983742,-39.4935,-0.0197448,1.02585
grid_turn0.005_speed0.05,straight,0.05,0.005,29,2006,2000.1,False,1999,7,0,1821.09,194.777,-0.197109,-39.3753,-0.0196867,1.36822
grid_turn0.005_speed0.05,straight,0.05,0.005,30,2005,2000.5,False,2000,5,0,1985.07,353.889,-0.137213,-37.6983,-0.0188444,1.81982
grid_turn0.005_speed0.1,straight,0.1,0.005,1,2004,2000.6,False,2001,2,1,1993.59,137.355,-0.136041,-82.6997,-0.0413375,1.13028
grid_turn0.005_speed0.1,straight,0.1,0.005,2,2005,2000.5,False,2000,5,0,1908.08,222.683,-0.0862174,-77.9193,-0.0389499,1.3291
grid_turn0.005_speed0.1,straight,0.1,0.005,3,2004,2000.2,False,2000,4,0,1875.85,209.667,0.0531098,-80.2777,-0.0401348,1.33519
grid_turn0.005_speed0.1,straight,0.1,0.005,4,2006,2000.8,False,2000,6,0,1898.4,274.485,0.052367,-78.2269,-0.0390978,1.46856
grid_turn0.005_speed0.1,straight,0.1,0.005,5,2004,2000.2,False,2000,4,0,1870.45,107.772,-0.0393893,-78.8562,-0.0394242,1.11864
grid_turn0.005_speed0.1,straight,0.1,0.005,6,2004,2000.2,False,2000,4,0,1978.95,178.527,0.0873829,-83.9269,-0.0419593,1.07825
grid_turn0.005_speed0.1,straight,0.1,0.005,7,2004,2000.9,False,2001,3,0,1987.85,147.028,0.0190658,-76.4676,-0.0382166,1.15877
grid_turn0.005_speed0.1,straight,0.1,0.005,8,2004,2000.2,False,2000,4,0,1973.85,86.7169,-0.0940895,-75.7349,-0.0378637,0.997303
grid_turn0.005_speed0.1,straight,0.1,0.005,9,2005,2000.5,False,2000,5,0,1943.64,81.6596,0.0628586,-77.2706,-0.0386257,0.681729
grid_turn0.005_speed0.1,straight,0.1,0.005,10,2005,2000.5,False,2000,5,0,1969.77,82.5755,0.00382093,-76.0431,-0.0380121,0.828728
grid_turn0.005_speed0.1,straight,0.1,0.005,11,2002,2000.3,False,2001,1,0,1989.54,344.09,-0.266235,-76.9889,-0.0384887,1.47818
grid_turn0.005_speed0.1,straight,0.1,0.005,12,2004,2000.2,False,2000,4,0,1918.86,152.182,-0.146574,-84.6814,-0.0423364,1.0431
grid_turn0.005_speed0.1,straight,0.1,0.005,13,2004,2000.9,False,2001,3,0,1975.12,87.2611,0.0243782,-79.1067,-0.0395355,0.85161
grid_turn0.005_speed0.1,straight,0.1,0.005,14,2004,2000.6,False,2001,2,1,1952.05,137.019,0.360842,-79.9703,-0.0399731,0.97158
grid_turn0.005_speed0.1,straight,0.1,0.005,15,2007,2000.8,False,2000,6,1,1821.93,259.672,0.179281,-74.1004,-0.0370354,1.45895
grid_turn0.005_speed0.1,straight,0.1,0.005,16,2004,2000.9,False,2001,3,0,1989.23,173.353,-0.144313,-76.1611,-0.0380634,1.40618
grid_turn0.005_speed0.1,straight,0.1,0.005,17,2004,2000.9,False,2001,3,0,1962.67,448.168,0.310132,-76.1022,-0.038034,1.40662
grid_turn0.005_speed0.1,straight,0.1,0.005,18,2004,2000.2,False,2000,4,0,1964.07,183.43,0.057918,-79.19,-0.0395911,1.08551
grid_turn0.005_speed0.1,straight,0.1,0.005,19,2005,2000.5,False,2000,5,0,1887.05,302.135,0.155254,-78.0415,-0.039011,1.54506
grid_turn0.005_speed0.1,straight,0.1,0.005,20,2005,2000.9,False,2001,3,1,1849.5,185.735,0.0702324,-82.7685,-0.0413656,1.23263
grid_turn0.005_speed0.1,straight,0.1,0.005,21,2004,2000.9,False,2001,3,0,1977,117.873,-0.196253,-81.8355,-0.0408993,1.31881
grid_turn0.005_speed0.1,straight,0.1,0.005,22,2007,2000.4,False,1999,8,0,1967.97,174.313,0.227179,-82.4146,-0.0411991,1.00204
grid_turn0.005_speed0.1,straight,0.1,0.005,23,2003,2000.6,False,2001,2,0,1977.12,393.64,0.285392,-78.8285,-0.0394024,1.52131
grid_turn0.005_speed0.1,straight,0.1,0.005,24,2005,2000.5,False,2000,5,0,1736,173.79,-0.115608,-74.4679,-0.0372246,1.31915
grid_turn0.005_speed0.1,straight,0.1,0.005,25,2004,2000.2,False,2000,4,0,1979.79,172.005,-0.0716923,-78.6297,-0.0393109,1.12617
grid_turn0.005_speed0.1,straight,0.1,0.005,26,2005,2000.5,False,2000,5,0,1985.1,236.316,-0.0091811,-81.0539,-0.0405168,1.39166
grid_turn0.005_speed0.1,straight,0.1,0.005,27,2005,2000.5,False,2000,5,0,1935.3,266.831,0.0664756,-80.7462,-0.040363,1.29594
grid_turn0.005_speed0.1,straight,0.1,0.005,28,2004,2000.2,False,2000,4,0,1961.64,99.9143,-0.0983742,-78.9869,-0.0394895,1.02216
grid_turn0.005_speed0.1,straight,0.1,0.005,29,2006,2000.1,False,1999,7,0,1821.09,209.659,-0.197109,-78.7507,-0.0393734,1.22786
grid_turn0.005_speed0.1,straight,0.1,0.005,30,2005,2000.5,False,2000,5,0,1985.07,357.937,-0.137213,-75.3965,-0.0376888,1.65125
grid_turn0.01_speed0.0,straight,0,0.01,1,2004,2000.6,False,2001,2,1,1993.59,193.742,-0.252268,0,0,0.633127
grid_turn0.01_speed0.0,straight,0,0.01,2,2005,2000.5,False,2000,5,0,1908.08,551.478,-0.591262,-5.00044e-13,-2.4996e-16,1.73154
grid_turn0.01_speed0.0,straight,0,0.01,3,2004,2000.2,False,2000,4,0,1875.85,847.416,0.807898,-2.53877e-11,-1.26926e-14,2.49444
grid_turn0.01_speed0.0,straight,0,0.01,4,2006,2000.8,False,2000,6,0,1898.4,1152.15,1.00667,-7.52109e-12,-3.75904e-15,2.01872
grid_turn0.01_speed0.0,straight,0,0.01,5,2004,2000.2,False,2000,4,0,1870.45,115.743,0.284288,-1.63602e-12,-8.17931e-16,1.12817
grid_turn0.01_speed0.0,straight,0,0.01,6,2004,2000.2,False,2000,4,0,1978.95,274.774,-0.099383,0,0,1.0279
grid_turn0.01_speed0.0,straight,0,0.01,7,2004,2000.9,False,2001,3,0,1987.85,682.052,0.882764,0,0,2.36748
grid_turn0.01_speed0.0,straight,0,0.01,8,2004,2000.2,False,2000,4,0,1973.85,378.013,0.533126,-4.17977e-12,-2.08967e-15,1.14131
grid_turn0.01_speed0.0,straight,0,0.01,9,2005,2000.5,False,2000,5,0,1943.64,310.473,0.122888,-9.71134e-12,-4.85446e-15,1.69369
grid_turn0.01_speed0.0,straight,0,0.01,10,2005,2000.5,False,2000,5,0,1969.77,256.306,0.0876136,-1.94289e-13,-9.71202e-17,1.81602
grid_turn0.01_speed0.0,straight,0,0.01,11,2002,2000.3,False,2001,1,0,1989.54,175.576,-0.327896,0,0,0.665674
grid_turn0.01_speed0.0,straight,0,0.01,12,2004,2000.2,False,2000,4,0,1918.86,73.6636,-0.321483,-2.17484e-11,-1.08731e-14,0.478814
grid_turn0.01_speed0.0,straight,0,0.01,13,2004,2000.9,False,2001,3,0,1975.12,153.933,0.133606,0,0,1.41309
grid_turn0.01_speed0.0,straight,0,0.01,14,2004,2000.6,False,2001,2,1,1952.05,99.8168,0.185785,0,0,1.15193
grid_turn0.01_speed0.0,straight,0,0.01,15,2007,2000.8,False,2000,6,1,1821.93,821.106,0.701514,-4.60523e-11,-2.30169e-14,2.37673
grid_turn0.01_speed0.0,straight,0,0.01,16,2004,2000.9,False,2001,3,0,1989.23,28.3375,0.252899,-2.86882e-12,-1.43376e-15,0.715322
grid_turn0.01_speed0.0,straight,0,0.01,17,2004,2000.9,False,2001,3,0,1962.67,934.917,0.530103,-6.51035e-13,-3.25371e-16,1.79573
grid_turn0.01_speed0.0,straight,0,0.01,18,2004,2000.2,False,2000,4,0,1964.07,581.064,0.000403158,0,0,1.54713
grid_turn0.01_speed0.0,straight,0,0.01,19,2005,2000.5,False,2000,5,0,1887.05,629.495,0.1699,-2.61857e-12,-1.30896e-15,1.98337
grid_turn0.01_speed0.0,straight,0,0.01,20,2005,2000.9,False,2001,3,1,1849.5,53.8797,-0.346215,0,0,0.229473
grid_turn0.01_speed0.0,straight,0,0.01,21,2004,2000.9,False,2001,3,0,1977,673.388,0.220073,-2.09508e-11,-1.04707e-14,1.63466
grid_turn0.01_speed0.0,straight,0,0.01,22,2007,2000.4,False,1999,8,0,1967.97,387.538,0.00245523,-1.35669e-13,-6.78211e-17,2.0749
grid_turn0.01_speed0.0,straight,0,0.01,23,2003,2000.6,False,2001,2,0,1977.12,345.335,0.510096,-2.24798e-11,-1.12365e-14,1.0015
grid_turn0.01_speed0.0,straight,0,0.01,24,2005,2000.5,False,2000,5,0,1736,77.2252,0.0798319,-3.05531e-11,-1.52727e-14,0.864235
grid_turn0.01_speed0.0,straight,0,0.01,25,2004,2000.2,False,2000,4,0,1979.79,341.163,-0.459179,-1.08225e-12,-5.41069e-16,2.15004
grid_turn0.01_speed0.0,straight,0,0.01,26,2005,2000.5,False,2000,5,0,1985.1,622.12,-0.559626,-4.7109e-12,-2.35486e-15,2.35858
grid_turn0.01_speed0.0,straight,0,0.01,27,2005,2000.5,False,2000,5,0,1935.3,341.217,-0.0869018,-1.44087e-11,-7.20255e-15,1.08345
grid_turn0.01_speed0.0,straight,0,0.01,28,2004,2000.2,False,2000,4,0,1961.64,9.55525,-0.110124,-2.20468e-12,-1.10223e-15,0.362512
grid_turn0.01_speed0.0,straight,0,0.01,29,2006,2000.1,False,1999,7,0,1821.09,439.644,-0.202449,-3.0475e-11,-1.52367e-14,1.41442
grid_turn0.01_speed0.0,straight,0,0.01,30,2005,2000.5,False,2000,5,0,1985.07,265.119,-0.138534,-2.12141e-12,-1.06044e-15,2.32667
grid_turn0.01_speed0.05,straight,0.05,0.01,1,2004,2000.6,False,2001,2,1,1993.59,221.976,-0.272081,-41.3499,-0.0206687,1.45081
grid_turn0.01_speed0.05,straight,0.05,0.01,2,2005,2000.5,False,2000,5,0,1908.08,398.051,-0.172435,-38.9597,-0.019475,1.7513
grid_turn0.01_speed0.05,straight,0.05,0.01,3,2004,2000.2,False,2000,4,0,1875.85,389.42,0.10622,-40.1389,-0.0200674,1.53377
grid_turn0.01_speed0.05,straight,0.05,0.01,4,2006,2000.8,False,2000,6,0,1898.4,533.937,0.104734,-39.1134,-0.0195489,1.7592
grid_turn0.01_speed0.05,straight,0.05,0.01,5,2004,2000.2,False,2000,4,0,1870.45,124.22,-0.0787785,-39.4281,-0.0197121,1.39517
grid_turn0.01_speed0.05,straight,0.05,0.01,6,2004,2000.2,False,2000,4,0,1978.95,315.453,0.174766,-41.9635,-0.0209796,1.11695
grid_turn0.01_speed0.05,straight,0.05,0.01,7,2004,2000.9,False,2001,3,0,1987.85,254.488,0.0381316,-38.2338,-0.0191083,1.40095
grid_turn0.01_speed0.05,straight,0.05,0.01,8,2004,2000.2,False,2000,4,0,1973.85,95.6957,-0.188179,-37.8675,-0.0189318,1.01303
grid_turn0.01_speed0.05,straight,0.05,0.01,9,2005,2000.5,False,2000,5,0,1943.64,123.896,0.125717,-38.6353,-0.0193128,0.460484
grid_turn0.01_speed0.05,straight,0.05,0.01,10,2005,2000.5,False,2000,5,0,1969.77,71.22,0.00764185,-38.0216,-0.019006,0.579748
grid_turn0.01_speed0.05,straight,0.05,0.01,11,2002,2000.3,False,2001,1,0,1989.54,666.527,-0.532469,-38.4944,-0.0192443,1.65032
grid_turn0.01_speed0.05,straight,0.05,0.01,12,2004,2000.2,False,2000,4,0,1918.86,266.94,-0.293148,-42.3407,-0.0211682,1.06212
grid_turn0.01_speed0.05,straight,0.05,0.01,13,2004,2000.9,False,2001,3,0,1975.12,74.7102,0.0487564,-39.5533,-0.0197678,0.638631
grid_turn0.01_speed0.05,straight,0.05,0.01,14,2004,2000.6,False,2001,2,1,1952.05,264.408,0.721684,-39.9851,-0.0199866,1.14103
grid_turn0.01_speed0.05,straight,0.05,0.01,15,2007,2000.8,False,2000,6,1,1821.93,514.694,0.358562,-37.0502,-0.0185177,1.79909
grid_turn0.01_speed0.05,straight,0.05,0.01,16,2004,2000.9,False,2001,3,0,1989.23,310.735,-0.288627,-38.0806,-0.0190317,1.66985
grid_turn0.01_speed0.05,straight,0.05,0.01,17,2004,2000.9,False,2001,3,0,1962.67,875.829,0.620264,-38.0511,-0.019017,1.50071
grid_turn0.01_speed0.05,straight,0.05,0.01,18,2004,2000.2,False,2000,4,0,1964.07,335.939,0.115836,-39.595,-0.0197955,1.13719
grid_turn0.01_speed0.05,straight,0.05,0.01,19,2005,2000.5,False,2000,5,0,1887.05,593.514,0.310507,-39.0208,-0.0195055,1.89054
grid_turn0.01_speed0.05,straight,0.05,0.01,20,2005,2000.9,False,2001,3,1,1849.5,320.333,0.140465,-41.3843,-0.0206828,1.31231
grid_turn0.01_speed0.05,straight,0.05,0.01,21,2004,2000.9,False,2001,3,0,1977,164.167,-0.392505,-40.9178,-0.0204497,1.56367
grid_turn0.01_speed0.05,straight,0.05,0.01,22,2007,2000.4,False,1999,8,0,1967.97,323.984,0.454359,-41.2073,-0.0205995,1.03107
grid_turn0.01_speed0.05,straight,0.05,0.01,23,2003,2000.6,False,2001,2,0,1977.12,774.697,0.570785,-39.4143,-0.0197012,1.953
grid_turn0.01_speed0.05,straight,0.05,0.01,24,2005,2000.5,False,2000,5,0,1736,341.13,-0.231216,-37.2339,-0.0186123,1.8127
grid_turn0.01_speed0.05,straight,0.05,0.01,25,2004,2000.2,False,2000,4,0,1979.79,295.018,-0.143385,-39.3148,-0.0196555,1.20565
grid_turn0.01_speed0.05,straight,0.05,0.01,26,2005,2000.5,False,2000,5,0,1985.1,445.614,-0.0183622,-40.527,-0.0202584,1.68498
grid_turn0.01_speed0.05,straight,0.05,0.01,27,2005,2000.5,False,2000,5,0,1935.3,517.403,0.132951,-40.3731,-0.0201815,1.37228
grid_turn0.01_speed0.05,straight,0.05,0.01,28,2004,2000.2,False,2000,4,0,1961.64,109.54,-0.196748,-39.4935,-0.0197448,1.01008
grid_turn0.01_speed0.05,straight,0.05,0.01,29,2006,2000.1,False,1999,7,0,1821.09,373.598,-0.394218,-39.3753,-0.0196867,1.44424
grid_turn0.01_speed0.05,straight,0.05,0.01,30,2005,2000.5,False,2000,5,0,1985.07,697.866,-0.274425,-37.6983,-0.0188444,1.90718
grid_turn0.01_speed0.1,straight,0.1,0.01,1,2004,2000.6,False,2001,2,1,1993.59,233.425,-0.272081,-82.6997,-0.0413375,1.28853
grid_turn0.01_speed0.1,straight,0.1,0.01,2,2005,2000.5,False,2000,5,0,1908.08,408.92,-0.172435,-77.9193,-0.0389499,1.54532
grid_turn0.01_speed0.1,straight,0.1,0.01,3,2004,2000.2,False,2000,4,0,1875.85,393.439,0.10622,-80.2777,-0.0401348,1.46412
grid_turn0.01_speed0.1,straight,0.1,0.01,4,2006,2000.8,False,2000,6,0,1898.4,532.927,0.104734,-78.2269,-0.0390978,1.63266
grid_turn0.01_speed0.1,straight,0.1,0.01,5,2004,2000.2,False,2000,4,0,1870.45,154.1,-0.0787785,-78.8562,-0.0394242,1.25612
grid_turn0.01_speed0.1,straight,0.1,0.01,6,2004,2000.2,False,2000,4,0,1978.95,325.498,0.174766,-83.9269,-0.0419593,1.11133
grid_turn0.01_speed0.1,straight,0.1,0.01,7,2004,2000.9,False,2001,3,0,1987.85,263.419,0.0381316,-76.4676,-0.0382166,1.29727
grid_turn0.01_speed0.1,straight,0.1,0.01,8,2004,2000.2,False,2000,4,0,1973.85,122.737,-0.188179,-75.7349,-0.0378637,1.00849
grid_turn0.01_speed0.1,straight,0.1,0.01,9,2005,2000.5,False,2000,5,0,1943.64,130.712,0.125717,-77.2706,-0.0386257,0.566235
grid_turn0.01_speed0.1,straight,0.1,0.01,10,2005,2000.5,False,2000,5,0,1969.77,100.812,0.00764185,-76.0431,-0.0380121,0.69879
grid_turn0.01_speed0.1,straight,0.1,0.01,11,2002,2000.3,False,2001,1,0,1989.54,667.92,-0.532469,-76.9889,-0.0384887,1.59227
grid_turn0.01_speed0.1,straight,0.1,0.01,12,2004,2000.2,False,2000,4,0,1918.86,273.535,-0.293148,-84.6814,-0.0423364,1.0581
grid_turn0.01_speed0.1,straight,0.1,0.01,13,2004,2000.9,False,2001,3,0,1975.12,107.702,0.0487564,-79.1067,-0.0395355,0.75008
grid_turn0.01_speed0.1,straight,0.1,0.01,14,2004,2000.6,False,2001,2,1,1952.05,267.035,0.721684,-79.9703,-0.0399731,1.07545
grid_turn0.01_speed0.1,straight,0.1,0.01,15,2007,2000.8,False,2000,6,1,1821.93,511.008,0.358562,-74.1004,-0.0370354,1.65091
grid_turn0.01_speed0.1,straight,0.1,0.01,16,2004,2000.9,False,2001,3,0,1989.23,318.731,-0.288627,-76.1611,-0.0380634,1.57698
grid_turn0.01_speed0.1,straight,0.1,0.01,17,2004,2000.9,False,2001,3,0,1962.67,871.918,0.620264,-76.1022,-0.038034,1.4635
grid_turn0.01_speed0.1,straight,0.1,0.01,18,2004,2000.2,False,2000,4,0,1964.07,340.153,0.115836,-79.19,-0.0395911,1.12224
grid_turn0.01_speed0.1,straight,0.1,0.01,19,2005,2000.5,False,2000,5,0,1887.05,590.105,0.310507,-78.0415,-0.039011,1.72915
grid_turn0.01_speed0.1,straight,0.1,0.01,20,2005,2000.9,False,2001,3,1,1849.5,332.434,0.140465,-82.7685,-0.0413656,1.29048
grid_turn0.01_speed0.1,straight,0.1,0.01,21,2004,2000.9,False,2001,3,0,1977,190.453,-0.392505,-81.8355,-0.0408993,1.46276
grid_turn0.01_speed0.1,straight,0.1,0.01,22,2007,2000.4,False,1999,8,0,1967.97,330.172,0.454359,-82.4146,-0.0411991,1.02827
grid_turn0.01_speed0.1,straight,0.1,0.01,23,2003,2000.6,False,2001,2,0,1977.12,771.021,0.570785,-78.8285,-0.0394024,1.76071
grid_turn0.01_speed0.1,straight,0.1,0.01,24,2005,2000.5,False,2000,5,0,1736,338.344,-0.231216,-74.4679,-0.0372246,1.58542
grid_turn0.01_speed0.1,straight,0.1,0.01,25,2004,2000.2,False,2000,4,0,1979.79,309.205,-0.143385,-78.6297,-0.0393109,1.18533
grid_turn0.01_speed0.1,straight,0.1,0.01,26,2005,2000.5,False,2000,5,0,1985.1,449.694,-0.0183622,-81.0539,-0.0405168,1.56415
grid_turn0.01_speed0.1,straight,0.1,0.01,27,2005,2000.5,False,2000,5,0,1935.3,516.505,0.132951,-80.7462,-0.040363,1.34982
grid_turn0.01_speed0.1,straight,0.1,0.01,28,2004,2000.2,False,2000,4,0,1961.64,136.694,-0.196748,-78.9869,-0.0394895,1.0328
grid_turn0.01_speed0.1,straight,0.1,0.01,29,2006,2000.1,False,1999,7,0,1821.09,383.239,-0.394218,-78.7507,-0.0393734,1.36355
grid_turn0.01_speed0.1,straight,0.1,0.01,30,2005,2000.5,False,2000,5,0,1985.07,696.48,-0.274425,-75.3965,-0.0376888,1.80973
grid_turn0.02_speed0.0,straight,0,0.02,1,2004,2000.6,False,2001,2,1,1993.59,391.759,-0.504536,0,0,0.675836
grid_turn0.02_speed0.0,straight,0,0.02,2,2005,2000.5,False,2000,5,0,1908.08,1047.19,-1.18252,-5.00044e-13,-2.4996e-16,1.72203
grid_turn0.02_speed0.0,straight,0,0.02,3,2004,2000.2,False,2000,4,0,1875.85,1592.99,1.6158,-2.53877e-11,-1.26926e-14,2.45505
grid_turn0.02_speed0.0,straight,0,0.02,4,2006,2000.8,False,2000,6,0,1898.4,2041.34,2.01334,-7.52109e-12,-3.75904e-15,1.97273
grid_turn0.02_speed0.0,straight,0,0.02,5,2004,2000.2,False,2000,4,0,1870.45,253.79,0.568577,-1.63602e-12,-8.17931e-16,1.17672
grid_turn0.02_speed0.0,straight,0,0.02,6,2004,2000.2,False,2000,4,0,1978.95,543.895,-0.198766,0,0,1.025
grid_turn0.02_speed0.0,straight,0,0.02,7,2004,2000.9,False,2001,3,0,1987.85,1288.04,1.76553,0,0,2.33635
grid_turn0.02_speed0.0,straight,0,0.02,8,2004,2000.2,False,2000,4,0,1973.85,751.529,1.06625,-4.17977e-12,-2.08967e-15,1.19156
grid_turn0.02_speed0.0,straight,0,0.02,9,2005,2000.5,False,2000,5,0,1943.64,615.529,0.245777,-9.71134e-12,-4.85446e-15,1.68437
grid_turn0.02_speed0.0,straight,0,0.02,10,2005,2000.5,False,2000,5,0,1969.77,505.261,0.175227,-1.94289e-13,-9.71202e-17,1.80756
grid_turn0.02_speed0.0,straight,0,0.02,11,2002,2000.3,False,2001,1,0,1989.54,378.051,-0.655792,0,0,0.76603
grid_turn0.02_speed0.0,straight,0,0.02,12,2004,2000.2,False,2000,4,0,1918.86,135.927,-0.642966,-2.17484e-11,-1.08731e-14,0.378394
grid_turn0.02_speed0.0,straight,0,0.02,13,2004,2000.9,False,2001,3,0,1975.12,342.797,0.267212,0,0,1.42665
grid_turn0.02_speed0.0,straight,0,0.02,14,2004,2000.6,False,2001,2,1,1952.05,183.494,0.37157,0,0,1.14482
grid_turn0.02_speed0.0,straight,0,0.02,15,2007,2000.8,False,2000,6,1,1821.93,1579.07,1.40303,-4.60523e-11,-2.30169e-14,2.36315
grid_turn0.02_speed0.0,straight,0,0.02,16,2004,2000.9,False,2001,3,0,1989.23,72.7036,0.505797,-2.86882e-12,-1.43376e-15,0.742079
grid_turn0.02_speed0.0,straight,0,0.02,17,2004,2000.9,False,2001,3,0,1962.67,1756.66,1.06021,-6.51035e-13,-3.25371e-16,1.76837
grid_turn0.02_speed0.0,straight,0,0.02,18,2004,2000.2,False,2000,4,0,1964.07,1139.8,0.000806316,0,0,1.54108
grid_turn0.02_speed0.0,straight,0,0.02,19,2005,2000.5,False,2000,5,0,1887.05,1224.1,0.339799,-2.61857e-12,-1.30896e-15,1.97232
grid_turn0.02_speed0.0,straight,0,0.02,20,2005,2000.9,False,2001,3,1,1849.5,104.286,-0.69243,0,0,0.320868
grid_turn0.02_speed0.0,straight,0,0.02,21,2004,2000.9,False,2001,3,0,1977,1312.05,0.440145,-2.09508e-11,-1.04707e-14,1.62335
grid_turn0.02_speed0.0,straight,0,0.02,22,2007,2000.4,False,1999,8,0,1967.97,768.325,0.00491046,-1.35669e-13,-6.78211e-17,2.06731
grid_turn0.02_speed0.0,straight,0,0.02,23,2003,2000.6,False,2001,2,0,1977.12,771.971,1.02019,-2.24798e-11,-1.12365e-14,1.13072
grid_turn0.02_speed0.0,straight,0,0.02,24,2005,2000.5,False,2000,5,0,1736,158.369,0.159664,-3.05531e-11,-1.52727e-14,0.886962
grid_turn0.02_speed0.0,straight,0,0.02,25,2004,2000.2,False,2000,4,0,1979.79,687.488,-0.918358,-1.08225e-12,-5.41069e-16,2.19597
grid_turn0.02_speed0.0,straight,0,0.02,26,2005,2000.5,False,2000,5,0,1985.1,1204.98,-1.11925,-4.7109e-12,-2.35486e-15,2.36231
grid_turn0.02_speed0.0,straight,0,0.02,27,2005,2000.5,False,2000,5,0,1935.3,677.058,-0.173804,-1.44087e-11,-7.20255e-15,1.07808
grid_turn0.02_speed0.0,straight,0,0.02,28,2004,2000.2,False,2000,4,0,1961.64,28.0932,-0.220249,-2.20468e-12,-1.10223e-15,0.485766
grid_turn0.02_speed0.0,straight,0,0.02,29,2006,2000.1,False,1999,7,0,1821.09,851.259,-0.404899,-3.0475e-11,-1.52367e-14,1.39782
grid_turn0.02_speed0.0,straight,0,0.02,30,2005,2000.5,False,2000,5,0,1985.07,527.647,-0.277068,-2.12141e-12,-1.06044e-15,2.31034
grid_turn0.02_speed0.05,straight,0.05,0.02,1,2004,2000.6,False,2001,2,1,1993.59,434.756,-0.544162,-41.3499,-0.0206687,1.54449
grid_turn0.02_speed0.05,straight,0.05,0.02,2,2005,2000.5,False,2000,5,0,1908.08,764.604,-0.34487,-38.9597,-0.019475,1.89845
grid_turn0.02_speed0.05,straight,0.05,0.02,3,2004,2000.2,False,2000,4,0,1875.85,764.442,0.212439,-40.1389,-0.0200674,1.55173
grid_turn0.02_speed0.05,straight,0.05,0.02,4,2006,2000.8,False,2000,6,0,1898.4,1048.72,0.209468,-39.1134,-0.0195489,1.81949
grid_turn0.02_speed0.05,straight,0.05,0.02,5,2004,2000.2,False,2000,4,0,1870.45,240.919,-0.157557,-39.4281,-0.0197121,1.50631
grid_turn0.02_speed0.05,straight,0.05,0.02,6,2004,2000.2,False,2000,4,0,1978.95,623.138,0.349532,-41.9635,-0.0209796,1.12336
grid_turn0.02_speed0.05,straight,0.05,0.02,7,2004,2000.9,False,2001,3,0,1987.85,505.732,0.0762632,-38.2338,-0.0191083,1.46887
grid_turn0.02_speed0.05,straight,0.05,0.02,8,2004,2000.2,False,2000,4,0,1973.85,210.973,-0.376358,-37.8675,-0.0189318,1.02958
grid_turn0.02_speed0.05,straight,0.05,0.02,9,2005,2000.5,False,2000,5,0,1943.64,249.644,0.251434,-38.6353,-0.0193128,0.503369
grid_turn0.02_speed0.05,straight,0.05,0.02,10,2005,2000.5,False,2000,5,0,1969.77,130.498,0.0152837,-38.0216,-0.019006,0.55582
grid_turn0.02_speed0.05,straight,0.05,0.02,11,2002,2000.3,False,2001,1,0,1989.54,1282.12,-1.06494,-38.4944,-0.0192443,1.65543
grid_turn0.02_speed0.05,straight,0.05,0.02,12,2004,2000.2,False,2000,4,0,1918.86,526.367,-0.586297,-42.3407,-0.0211682,1.06198
grid_turn0.02_speed0.05,straight,0.05,0.02,13,2004,2000.9,False,2001,3,0,1975.12,140.247,0.0975128,-39.5533,-0.0197678,0.645667
grid_turn0.02_speed0.05,straight,0.05,0.02,14,2004,2000.6,False,2001,2,1,1952.05,534.393,1.44337,-39.9851,-0.0199866,1.28129
grid_turn0.02_speed0.05,straight,0.05,0.02,15,2007,2000.8,False,2000,6,1,1821.93,1014.58,0.717123,-37.0502,-0.0185177,1.89376
grid_turn0.02_speed0.05,straight,0.05,0.02,16,2004,2000.9,False,2001,3,0,1989.23,609.178,-0.577253,-38.0806,-0.0190317,1.69343
grid_turn0.02_speed0.05,straight,0.05,0.02,17,2004,2000.9,False,2001,3,0,1962.67,1658.94,1.24053,-38.0511,-0.019017,1.50125
grid_turn0.02_speed0.05,straight,0.05,0.02,18,2004,2000.2,False,2000,4,0,1964.07,662.441,0.231672,-39.595,-0.0197955,1.14003
grid_turn0.02_speed0.05,straight,0.05,0.02,19,2005,2000.5,False,2000,5,0,1887.05,1157.67,0.621015,-39.0208,-0.0195055,2.0044
grid_turn0.02_speed0.05,straight,0.05,0.02,20,2005,2000.9,False,2001,3,1,1849.5,622.464,0.28093,-41.3843,-0.0206828,1.31256
grid_turn0.02_speed0.05,straight,0.05,0.02,21,2004,2000.9,False,2001,3,0,1977,367.013,-0.785011,-40.9178,-0.0204497,1.61853
grid_turn0.02_speed0.05,straight,0.05,0.02,22,2007,2000.4,False,1999,8,0,1967.97,656.439,0.908718,-41.2073,-0.0205995,1.0931
grid_turn0.02_speed0.05,straight,0.05,0.02,23,2003,2000.6,False,2001,2,0,1977.12,1471.87,1.14157,-39.4143,-0.0197012,2.04914
grid_turn0.02_speed0.05,straight,0.05,0.02,24,2005,2000.5,False,2000,5,0,1736,677.377,-0.462432,-37.2339,-0.0186123,1.94747
grid_turn0.02_speed0.05,straight,0.05,0.02,25,2004,2000.2,False,2000,4,0,1979.79,591.167,-0.286769,-39.3148,-0.0196555,1.22626
grid_turn0.02_speed0.05,straight,0.05,0.02,26,2005,2000.5,False,2000,5,0,1985.1,871.994,-0.0367244,-40.527,-0.0202584,1.73805
grid_turn0.02_speed0.05,straight,0.05,0.02,27,2005,2000.5,False,2000,5,0,1935.3,1017.87,0.265902,-40.3731,-0.0201815,1.3747
grid_turn0.02_speed0.05,straight,0.05,0.02,28,2004,2000.2,False,2000,4,0,1961.64,203.304,-0.393497,-39.4935,-0.0197448,0.997267
grid_turn0.02_speed0.05,straight,0.05,0.02,29,2006,2000.1,False,1999,7,0,1821.09,716.428,-0.788436,-39.3753,-0.0196867,1.46725
grid_turn0.02_speed0.05,straight,0.05,0.02,30,2005,2000.5,False,2000,5,0,1985.07,1344.21,-0.54885,-37.6983,-0.0188444,1.93178
grid_turn0.02_speed0.1,straight,0.1,0.02,1,2004,2000.6,False,2001,2,1,1993.59,440.636,-0.544162,-82.6997,-0.0413375,1.43759
grid_turn0.02_speed0.1,straight,0.1,0.02,2,2005,2000.5,False,2000,5,0,1908.08,771.799,-0.34487,-77.9193,-0.0389499,1.73591
grid_turn0.02_speed0.1,straight,0.1,0.02,3,2004,2000.2,False,2000,4,0,1875.85,762.576,0.212439,-80.2777,-0.0401348,1.52618
grid_turn0.02_speed0.1,straight,0.1,0.02,4,2006,2000.8,False,2000,6,0,1898.4,1041.68,0.209468,-78.2269,-0.0390978,1.74378
grid_turn0.02_speed0.1,straight,0.1,0.02,5,2004,2000.2,False,2000,4,0,1870.45,267.471,-0.157557,-78.8562,-0.0394242,1.39843
grid_turn0.02_speed0.1,straight,0.1,0.02,6,2004,2000.2,False,2000,4,0,1978.95,630.445,0.349532,-83.9269,-0.0419593,1.12686
grid_turn0.02_speed0.1,straight,0.1,0.02,7,2004,2000.9,False,2001,3,0,1987.85,511.038,0.0762632,-76.4676,-0.0382166,1.41188
grid_turn0.02_speed0.1,straight,0.1,0.02,8,2004,2000.2,False,2000,4,0,1973.85,237.002,-0.376358,-75.7349,-0.0378637,1.02967
grid_turn0.02_speed0.1,straight,0.1,0.02,9,2005,2000.5,False,2000,5,0,1943.64,254.362,0.251434,-77.2706,-0.0386257,0.559085
grid_turn0.02_speed0.1,straight,0.1,0.02,10,2005,2000.5,False,2000,5,0,1969.77,155.958,0.0152837,-76.0431,-0.0380121,0.625437
grid_turn0.02_speed0.1,straight,0.1,0.02,11,2002,2000.3,False,2001,1,0,1989.54,1279.44,-1.06494,-76.9889,-0.0384887,1.63199
grid_turn0.02_speed0.1,straight,0.1,0.02,12,2004,2000.2,False,2000,4,0,1918.86,528.404,-0.586297,-84.6814,-0.0423364,1.06187
grid_turn0.02_speed0.1,straight,0.1,0.02,13,2004,2000.9,False,2001,3,0,1975.12,170.727,0.0975128,-79.1067,-0.0395355,0.714321
grid_turn0.02_speed0.1,straight,0.1,0.02,14,2004,2000.6,False,2001,2,1,1952.05,543.002,1.44337,-79.9703,-0.0399731,1.22459
grid_turn0.02_speed0.1,straight,0.1,0.02,15,2007,2000.8,False,2000,6,1,1821.93,1005.6,0.717123,-74.1004,-0.0370354,1.78782
grid_turn0.02_speed0.1,straight,0.1,0.02,16,2004,2000.9,False,2001,3,0,1989.23,614.398,-0.577253,-76.1611,-0.0380634,1.66459
grid_turn0.02_speed0.1,straight,0.1,0.02,17,2004,2000.9,False,2001,3,0,1962.67,1647.43,1.24053,-76.1022,-0.038034,1.48162
grid_turn0.02_speed0.1,straight,0.1,0.02,18,2004,2000.2,False,2000,4,0,1964.07,660.73,0.231672,-79.19,-0.0395911,1.13596
grid_turn0.02_speed0.1,straight,0.1,0.02,19,2005,2000.5,False,2000,5,0,1887.05,1147.8,0.621015,-78.0415,-0.039011,1.87486
grid_turn0.02_speed0.1,straight,0.1,0.02,20,2005,2000.9,False,2001,3,1,1849.5,629.842,0.28093,-82.7685,-0.0413656,1.30742
grid_turn0.02_speed0.1,straight,0.1,0.02,21,2004,2000.9,False,2001,3,0,1977,391.704,-0.785011,-81.8355,-0.0408993,1.56491
grid_turn0.02_speed0.1,straight,0.1,0.02,22,2007,2000.4,False,1999,8,0,1967.97,661.861,0.908718,-82.4146,-0.0411991,1.08859
grid_turn0.02_speed0.1,straight,0.1,0.02,23,2003,2000.6,False,2001,2,0,1977.12,1463.67,1.14157,-78.8285,-0.0394024,1.92349
grid_turn0.02_speed0.1,straight,0.1,0.02,24,2005,2000.5,False,2000,5,0,1736,670.094,-0.462432,-74.4679,-0.0372246,1.79647
grid_turn0.02_speed0.1,straight,0.1,0.02,25,2004,2000.2,False,2000,4,0,1979.79,602.517,-0.286769,-78.6297,-0.0393109,1.22317
grid_turn0.02_speed0.1,straight,0.1,0.02,26,2005,2000.5,False,2000,5,0,1985.1,872.12,-0.0367244,-81.0539,-0.0405168,1.66834
grid_turn0.02_speed0.1,straight,0.1,0.02,27,2005,2000.5,False,2000,5,0,1935.3,1010.53,0.265902,-80.7462,-0.040363,1.36745
grid_turn0.02_speed0.1,straight,0.1,0.02,28,2004,2000.2,False,2000,4,0,1961.64,226.172,-0.393497,-78.9869,-0.0394895,1.03224
grid_turn0.02_speed0.1,straight,0.1,0.02,29,2006,2000.1,False,1999,7,0,1821.09,721.554,-0.788436,-78.7507,-0.0393734,1.43481
grid_turn0.02_speed0.1,straight,0.1,0.02,30,2005,2000.5,False,2000,5,0,1985.07,1336.66,-0.54885,-75.3965,-0.0376888,1.88124
speed_only_turning,turning,0.05,0,1,3209,2000.3,False,1512,1631,66,156.319,1.20745,0,-30.4575,-0.0152265,0.0255691
speed_only_turning,turning,0.05,0,2,3320,2000.6,False,1467,1782,71,653.736,9.78307,0,-29.5152,-0.0147532,0.764765
speed_only_turning,turning,0.05,0,3,3289,2000.1,False,1483,1727,79,549.121,6.64568,-1.77636e-15,-29.4145,-0.0147065,0.624603
speed_only_turning,turning,0.05,0,4,3248,2001,False,1494,1691,63,172.326,2.78833,-1.77636e-15,-28.1105,-0.0140482,0.477377
speed_only_turning,turning,0.05,0,5,3257,2000.3,False,1490,1702,65,168.762,1.54286,0,-29.9744,-0.014985,0.332432
speed_only_turning,turning,0.05,0,6,3262,2000.4,False,1486,1718,58,373.121,5.41854,-8.88178e-16,-31.5775,-0.0157856,0.643238
speed_only_turning,turning,0.05,0,7,3206,2000.4,False,1515,1619,72,356.247,5.10765,0,-28.9298,-0.014462,0.307981
speed_only_turning,turning,0.05,0,8,3214,2000.9,False,1508,1644,62,203.085,4.31979,0,-29.4446,-0.0147157,0.361604
speed_only_turning,turning,0.05,0,9,3228,2000.1,False,1503,1658,67,181.346,3.48044,0,-28.9193,-0.0144589,0.377124
speed_only_turning,turning,0.05,0,10,3229,2000.1,False,1500,1668,61,249.457,3.95141,0,-28.7075,-0.014353,0.270337
speed_only_turning,turning,0.05,0,11,3302,2000.3,False,1473,1761,68,325.989,3.54252,-1.77636e-15,-28.5009,-0.0142483,0.650204
speed_only_turning,turning,0.05,0,12,3212,2000.1,False,1512,1628,72,129.419,1.29083,-8.88178e-16,-32.3547,-0.0161765,0.543377
speed_only_turning,turning,0.05,0,13,3341,2000.6,False,1455,1822,64,853.553,12.1217,0,-29.4205,-0.0147058,0.746842
speed_only_turning,turning,0.05,0,14,3219,2000.2,False,1511,1634,74,355.635,5.99731,0,-28.0271,-0.0140122,0.878899
speed_only_turning,turning,0.05,0,15,3225,2000.9,False,1511,1634,80,195.06,3.49789,-4.44089e-16,-28.9546,-0.0144708,0.660176
speed_only_turning,turning,0.05,0,16,3215,2000.1,False,1509,1638,68,221.184,2.56739,0,-28.5191,-0.0142588,0.340623
speed_only_turning,turning,0.05,0,17,3305,2001,False,1471,1770,64,110.837,2.62992,-1.77636e-15,-27.6243,-0.0138052,0.367909
speed_only_turning,turning,0.05,0,18,3304,2000.1,False,1477,1747,80,416.501,6.92288,-1.77636e-15,-27.748,-0.0138733,0.851947
speed_only_turning,turning,0.05,0,19,3314,2000.4,False,1467,1779,68,608.033,8.86676,0,-27.5159,-0.0137552,0.737913
speed_only_turning,turning,0.05,0,20,3254,2000.1,False,1494,1688,72,131.83,3.27041,-1.77636e-15,-30.3963,-0.0151974,0.0712947
speed_only_turning,turning,0.05,0,21,3232,2000.4,False,1500,1669,63,283.294,4.74167,0,-31.5289,-0.0157613,0.69818
speed_only_turning,turning,0.05,0,22,3299,2000.8,False,1475,1756,68,325.813,4.32824,0,-28.6508,-0.0143197,0.357767
speed_only_turning,turning,0.05,0,23,3217,2000.5,False,1507,1646,64,422.609,6.18192,-1.77636e-15,-29.4517,-0.0147222,0.307885
speed_only_turning,turning,0.05,0,24,3284,2000.9,False,1482,1733,69,358.684,5.91726,-1.77636e-15,-28.0999,-0.0140436,0.560566
speed_only_turning,turning,0.05,0,25,3274,2000.3,False,1478,1742,54,217.877,2.59746,0,-29.2402,-0.0146179,0.43544
speed_only_turning,turning,0.05,0,26,3245,2001,False,1495,1690,60,188.692,3.75228,-1.77636e-15,-30.2017,-0.0150933,0.553951
speed_only_turning,turning,0.05,0,27,3314,2000.9,False,1475,1754,85,242.061,3.44877,-4.44089e-16,-29.8579,-0.0149222,0.840729
speed_only_turning,turning,0.05,0,28,3289,2000.8,False,1475,1756,58,88.6873,1.89861,-1.77636e-15,-30.2105,-0.0150992,0.122591
speed_only_turning,turning,0.05,0,29,3313,2000.3,False,1467,1781,65,219.668,3.55307,-4.44089e-16,-28.4986,-0.0142472,0.787635
speed_only_turning,turning,0.05,0,30,3336,2000.5,False,1462,1796,78,169.78,2.40699,-1.33227e-15,-29.9168,-0.0149547,0.20775
turn_only_turning,turning,0,0.01,1,3230,2000.5,False,1495,1686,49,133.865,29.6833,-0.323844,-2.71139e-12,-1.35535e-15,0.989925
turn_only_turning,turning,0,0.01,2,3335,2000.6,False,1449,1842,44,609.696,228.658,-0.654403,-9.21019e-12,-4.60371e-15,1.40918
turn_only_turning,turning,0,0.01,3,3301,2000.9,False,1466,1784,51,512.065,244.625,0.577045,-5.68878e-12,-2.84311e-15,1.5525
turn_only_turning,turning,0,0.01,4,3275,2000.1,False,1473,1758,44,210.141,85.3316,1.2362,-2.31992e-12,-1.1599e-15,1.23077
turn_only_turning,turning,0,0.01,5,3269,2000.7,False,1476,1750,43,233.081,50.6385,0.222937,-1.76059e-12,-8.79988e-16,1.05927
turn_only_turning,turning,0,0.01,6,3277,2001,False,1474,1760,43,460.018,82.0389,-0.4292,-4.62363e-12,-2.31066e-15,1.04681
turn_only_turning,turning,0,0.01,7,3230,2000.4,False,1495,1688,47,536.377,306.648,0.755662,-5.10547e-12,-2.55223e-15,1.65307
turn_only_turning,turning,0,0.01,8,3230,2000.1,False,1492,1697,41,285.191,72.7488,0.174157,-3.9444e-12,-1.9721e-15,0.892606
turn_only_turning,turning,0,0.01,9,3245,2000.7,False,1489,1709,47,244.472,33.7981,0.470816,-3.22053e-12,-1.6097e-15,0.845064
turn_only_turning,turning,0,0.01,10,3267,2000.8,False,1477,1747,43,82.231,47.1576,0.318115,-1.90714e-12,-9.53189e-16,0.735449
turn_only_turning,turning,0,0.01,11,3309,2001,False,1455,1821,33,277.388,13.0315,-0.0449299,-3.31313e-12,-1.65574e-15,0.196044
turn_only_turning,turning,0,0.01,12,3236,2000.2,False,1493,1694,49,308.943,155.907,-0.679917,-3.00382e-12,-1.50176e-15,1.43412
turn_only_turning,turning,0,0.01,13,3355,2000.3,False,1440,1871,44,455.44,52.4901,-0.188514,-5.74518e-12,-2.87216e-15,0.706143
turn_only_turning,turning,0,0.01,14,3233,2000.6,False,1491,1702,40,302.307,114.352,0.886325,-2.30727e-12,-1.15329e-15,0.794411
turn_only_turning,turning,0,0.01,15,3254,2000.1,False,1488,1708,58,333.867,170.668,0.546005,-5.73519e-12,-2.86745e-15,1.80623
turn_only_turning,turning,0,0.01,16,3250,2000.1,False,1486,1717,47,325.479,83.3414,0.6484,-5.26557e-12,-2.63265e-15,0.723605
turn_only_turning,turning,0,0.01,17,3330,2000.2,False,1447,1845,38,125.843,137.705,0.771978,-1.84897e-12,-9.2439e-16,0.590261
turn_only_turning,turning,0,0.01,18,3326,2000.3,False,1457,1812,57,487.831,141.878,0.572126,-7.09943e-12,-3.54918e-15,0.973022
turn_only_turning,turning,0,0.01,19,3332,2000.6,False,1449,1842,41,635.489,194.498,0.51216,-6.22724e-12,-3.11269e-15,1.1494
turn_only_turning,turning,0,0.01,20,3272,2000.3,False,1479,1741,52,225.139,36.6885,0.0132483,-2.34124e-12,-1.17044e-15,0.722808
turn_only_turning,turning,0,0.01,21,3247,2000.7,False,1486,1719,42,210.792,133.859,-0.413094,-2.80309e-12,-1.40106e-15,1.2348
turn_only_turning,turning,0,0.01,22,3315,2001,False,1459,1810,46,241.795,87.242,-0.134234,-4.15357e-12,-2.07575e-15,1.25827
turn_only_turning,turning,0,0.01,23,3238,2000.2,False,1489,1705,44,189.079,195.724,0.306161,-2.28573e-12,-1.14275e-15,1.12154
turn_only_turning,turning,0,0.01,24,3298,2000.3,False,1464,1791,43,379.88,94.2774,0.501403,-5.16565e-12,-2.58244e-15,0.958519
turn_only_turning,turning,0,0.01,25,3306,2000.6,False,1457,1813,36,240.149,31.9707,0.0269356,-3.00737e-12,-1.50324e-15,1.20808
turn_only_turning,turning,0,0.01,26,3262,2000.9,False,1481,1734,47,178.291,135.512,-0.369517,-1.78724e-12,-8.93217e-16,1.82756
turn_only_turning,turning,0,0.01,27,3325,2000.3,False,1460,1801,64,247.385,69.1983,-0.169888,-3.9575e-12,-1.97845e-15,0.619268
turn_only_turning,turning,0,0.01,28,3310,2000.1,False,1458,1808,44,214.87,55.4057,-0.239083,-2.23332e-12,-1.11661e-15,0.627753
turn_only_turning,turning,0,0.01,29,3332,2000.1,False,1450,1837,45,289.491,121.463,0.0562514,-5.31575e-12,-2.65774e-15,1.15011
turn_only_turning,turning,0,0.01,30,3344,2000.6,False,1451,1833,60,155.57,38.9869,0.163095,-3.22098e-12,-1.61001e-15,1.04809
both_turning,turning,0.05,0.01,1,3230,2000.5,False,1495,1686,49,133.865,51.703,0.0862843,-30.0059,-0.0149992,1.13873
both_turning,turning,0.05,0.01,2,3335,2000.6,False,1449,1842,44,609.696,95.9842,0.0223446,-28.9324,-0.0144619,1.47788
both_turning,turning,0.05,0.01,3,3301,2000.9,False,1466,1784,51,512.065,68.9331,0.00688786,-30.8306,-0.0154083,0.99298
both_turning,turning,0.05,0.01,4,3275,2000.1,False,1473,1758,44,210.141,69.7787,-0.112979,-27.8605,-0.0139295,0.820366
both_turning,turning,0.05,0.01,5,3269,2000.7,False,1476,1750,43,233.081,42.1405,0.0960719,-29.3598,-0.0146748,0.878797
both_turning,turning,0.05,0.01,6,3277,2001,False,1474,1760,43,460.018,9.54559,-0.416126,-30.281,-0.0151329,0.290497
both_turning,turning,0.05,0.01,7,3230,2000.4,False,1495,1688,47,536.377,58.4724,0.118561,-28.451,-0.0142227,0.465395
both_turning,turning,0.05,0.01,8,3230,2000.1,False,1492,1697,41,285.191,57.707,-0.242688,-29.2919,-0.0146452,0.63158
both_turning,turning,0.05,0.01,9,3245,2000.7,False,1489,1709,47,244.472,3.54608,-0.0320924,-31.1635,-0.0155763,-0.0860889
both_turning,turning,0.05,0.01,10,3267,2000.8,False,1477,1747,43,82.231,31.2624,-0.732908,-29.0733,-0.0145308,0.383499
both_turning,turning,0.05,0.01,11,3309,2001,False,1455,1821,33,277.388,91.6494,-0.653937,-28.6319,-0.0143088,0.983489
both_turning,turning,0.05,0.01,12,3236,2000.2,False,1493,1694,49,308.943,291.427,-1.11794,-32.4248,-0.0162108,1.59943
both_turning,turning,0.05,0.01,13,3355,2000.3,False,1440,1871,44,455.44,192.962,0.653175,-27.9224,-0.0139591,0.927923
both_turning,turning,0.05,0.01,14,3233,2000.6,False,1491,1702,40,302.307,209.151,0.720488,-28.2704,-0.014131,1.50595
both_turning,turning,0.05,0.01,15,3254,2000.1,False,1488,1708,58,333.867,84.2452,0.391377,-28.6478,-0.0143232,1.28882
both_turning,turning,0.05,0.01,16,3250,2000.1,False,1486,1717,47,325.479,94.0586,-0.114428,-29.556,-0.0147773,1.2079
both_turning,turning,0.05,0.01,17,3330,2000.2,False,1447,1845,38,125.843,58.6589,0.438782,-28.3272,-0.0141622,0.278897
both_turning,turning,0.05,0.01,18,3326,2000.3,False,1457,1812,57,487.831,66.1282,-0.202051,-28.1037,-0.0140498,0.599666
both_turning,turning,0.05,0.01,19,3332,2000.6,False,1449,1842,41,635.489,270.094,0.836981,-28.8229,-0.0144071,1.40054
both_turning,turning,0.05,0.01,20,3272,2000.3,False,1479,1741,52,225.139,15.8717,0.341257,-29.0549,-0.0145253,0.10999
both_turning,turning,0.05,0.01,21,3247,2000.7,False,1486,1719,42,210.792,30.7836,-0.207543,-27.6686,-0.0138295,1.21391
both_turning,turning,0.05,0.01,22,3315,2001,False,1459,1810,46,241.795,75.3528,1.10047,-30.231,-0.015108,0.867821
both_turning,turning,0.05,0.01,23,3238,2000.2,False,1489,1705,44,189.079,180.658,0.278106,-29.4431,-0.0147201,1.36266
both_turning,turning,0.05,0.01,24,3298,2000.3,False,1464,1791,43,379.88,55.995,-0.250731,-26.791,-0.0133935,1.18044
both_turning,turning,0.05,0.01,25,3306,2000.6,False,1457,1813,36,240.149,44.1609,-0.545298,-30.3186,-0.0151548,0.505996
both_turning,turning,0.05,0.01,26,3262,2000.9,False,1481,1734,47,178.291,64.3605,-0.314678,-30.4042,-0.0151953,0.86212
both_turning,turning,0.05,0.01,27,3325,2000.3,False,1460,1801,64,247.385,56.5968,0.59213,-30.023,-0.0150092,0.921704
both_turning,turning,0.05,0.01,28,3310,2000.1,False,1458,1808,44,214.87,79.1922,0.625976,-30.4053,-0.0152019,0.934027
both_turning,turning,0.05,0.01,29,3332,2000.1,False,1450,1837,45,289.491,109.637,-0.884991,-28.7853,-0.0143919,1.26506
both_turning,turning,0.05,0.01,30,3344,2000.6,False,1451,1833,60,155.57,49.4611,0.207081,-29.0244,-0.0145078,1.01507
