condition,walk,speed,turn,n_seeds,fit_low,fit_high,slope,slope_low,slope_high,intercept,r2,seed_slope_mean,seed_slope_min,seed_slope_max,final_distance,final_mean_err,final_sd_err,final_rms_hd_err,expected_hd_sd,mean_ticks,forward_share,turn_share,rest_share,net_displacement_mean,bias_per_unit_mean,bias_per_unit_min,bias_per_unit_max,capped
speed_only,straight,0.05,0,30,50,2000,0.987002,0.969708,1.00341,-3.84963,0.999896,0.98975,0.887561,1.10028,2000,38.4475,1.88148,3.62597e-16,0,2004.23,0.998087,0.0017962,0.00011642,1939.79,-0.0198163,-0.0204224,-0.0184095,0
turn_only,straight,0,0.01,30,50,2000,1.47174,1.3101,1.62288,-5.12012,0.99608,1.45602,0.229473,2.49444,2000,393.875,297.134,0.425215,0.44772,2004.53,0.997871,0.00206199,6.65159e-05,1934.55,-4.20215e-15,-2.30169e-14,0,0
both,straight,0.05,0.01,30,50,2000,1.3862,1.2627,1.49783,-4.5939,0.999118,1.37493,0.460484,1.953,2000,359.833,211.478,0.30995,0.44772,2004.53,0.997871,0.00206199,6.65159e-05,1934.55,-0.0197087,-0.0211682,-0.0185177,0
grid_turn0.0025_speed0.0,straight,0,0.0025,30,50,2000,1.47464,1.31024,1.62728,-6.52063,0.996152,1.45047,0.294318,2.5111,2000,99.5379,76.499,0.106304,0.11193,2004.53,0.997871,0.00206199,6.65159e-05,1934.55,-4.20215e-15,-2.30169e-14,0,0
grid_turn0.0025_speed0.05,straight,0.05,0.0025,30,50,2000,1.2426,1.15859,1.31748,-4.82728,0.999781,1.21389,0.660901,1.65647,2000,100.255,48.8835,0.0774876,0.11193,2004.53,0.997871,0.00206199,6.65159e-05,1934.55,-0.0197087,-0.0211682,-0.0185177,0
grid_turn0.0025_speed0.1,straight,0.1,0.0025,30,50,2000,1.12901,1.07895,1.17877,-3.78003,0.999597,1.11671,0.828807,1.43207,2000,122.609,40.7894,0.0774876,0.11193,2004.53,0.997871,0.00206199,6.65159e-05,1934.55,-0.0394175,-0.0423364,-0.0370354,0
grid_turn0.005_speed0.0,straight,0,0.005,30,50,2000,1.47393,1.31026,1.62641,-5.82387,0.996128,1.45151,0.270687,2.507,2000,198.57,152.002,0.212607,0.22386,2004.53,0.997871,0.00206199,6.65159e-05,1934.55,-4.20215e-15,-2.30169e-14,0,0
grid_turn0.005_speed0.05,straight,0.05,0.005,30,50,2000,1.33541,1.22583,1.43248,-4.89225,0.999736,1.30586,0.5174,1.81982,2000,185.286,104.577,0.154975,0.22386,2004.53,0.997871,0.00206199,6.65159e-05,1934.55,-0.0197087,-0.0211682,-0.0185177,0
grid_turn0.005_speed0.1,straight,0.1,0.005,30,50,2000,1.24297,1.16057,1.3164,-4.13791,0.99978,1.21608,0.681729,1.65125,2000,200.126,95.8057,0.154975,0.22386,2004.53,0.997871,0.00206199,6.65159e-05,1934.55,-0.0394175,-0.0423364,-0.0370354,0
grid_turn0.01_speed0.0,straight,0,0.01,30,50,2000,1.47174,1.3101,1.62288,-5.12012,0.99608,1.45602,0.229473,2.49444,2000,393.875,297.134,0.425215,0.44772,2004.53,0.997871,0.00206199,6.65159e-05,1934.55,-4.20215e-15,-2.30169e-14,0,0
grid_turn0.01_speed0.05,straight,0.05,0.01,30,50,2000,1.3862,1.2627,1.49783,-4.5939,0.999118,1.37493,0.460484,1.953,2000,359.833,211.478,0.30995,0.44772,2004.53,0.997871,0.00206199,6.65159e-05,1934.55,-0.0197087,-0.0211682,-0.0185177,0
grid_turn0.01_speed0.1,straight,0.1,0.01,30,50,2000,1.33562,1.22952,1.43031,-4.20278,0.999727,1.31068,0.566235,1.80973,2000,368.945,202.488,0.30995,0.44772,2004.53,0.997871,0.00206199,6.65159e-05,1934.55,-0.0394175,-0.0423364,-0.0370354,0
grid_turn0.02_speed0.0,straight,0,0.02,30,50,2000,1.46328,1.30768,1.60915,-4.38643,0.995908,1.46699,0.320868,2.45505,2000,764.515,546.582,0.85043,0.89544,2004.53,0.997871,0.00206199,6.65159e-05,1934.55,-4.20215e-15,-2.30169e-14,0,0
grid_turn0.02_speed0.05,straight,0.05,0.02,30,50,2000,1.40404,1.27761,1.52159,-4.04634,0.998518,1.42116,0.503369,2.04914,2000,703.317,402.047,0.619901,0.89544,2004.53,0.997871,0.00206199,6.65159e-05,1934.55,-0.0197087,-0.0211682,-0.0185177,0
grid_turn0.02_speed0.1,straight,0.1,0.02,30,50,2000,1.38351,1.26609,1.4918,-3.89135,0.999064,1.38202,0.559085,1.92349,2000,708.574,391.69,0.619901,0.89544,2004.53,0.997871,0.00206199,6.65159e-05,1934.55,-0.0394175,-0.0423364,-0.0370354,0
speed_only_turning,turning,0.05,0,30,50,2000,0.51861,0.435198,0.595597,-2.43924,0.986813,0.49689,0.0255691,0.878899,2000,4.4593,2.53292,1.08779e-15,0,3265.2,0.455858,0.523337,0.0208053,297.624,-0.0146593,-0.0161765,-0.0137552,0
turn_only_turning,turning,0,0.01,30,50,2000,1.04114,0.922306,1.15943,-3.20533,0.989894,1.05216,0.196044,1.82756,2000,108.184,72.4097,0.500966,0.5731,3284.43,0.44783,0.538145,0.0140258,304.406,-1.9547e-15,-4.60371e-15,-8.79988e-16,0
both_turning,turning,0.05,0.01,30,50,2000,0.940901,0.814193,1.06354,-2.68657,0.985052,0.900835,-0.0860889,1.59943,2000,86.9839,71.3969,0.516827,0.5731,3284.43,0.44783,0.538145,0.0140258,304.406,-0.0146316,-0.0162108,-0.0133935,0
