profile,gate_scales_egomotion,speed,turn,seed,ticks,r_error,r_error_after_transient,r_error_increment,r_step_error,r_step_error_after_transient,r_step_error_off_wall,n_moving,n_wall_moving,wall_step_error_mean,final_error,frac_closed,body_walk
legacy,True,0.05,0.01,1,3000,-0.237045,-0.0213594,0.0744148,0.871691,0.833052,0.872856,1730,14,-0.76162,21.2504,0.848667,0e67de06dff59a2e
legacy,True,0.05,0.01,2,3000,-0.244118,-0.0222537,0.065301,0.874694,0.833311,0.87591,1730,14,-0.766229,22.2816,0.848667,0e67de06dff59a2e
legacy,True,0.05,0.01,3,3000,-0.243377,-0.0204508,0.0670744,0.874247,0.834208,0.875549,1730,14,-0.75685,20.8876,0.848667,0e67de06dff59a2e
legacy,True,0.05,0.01,4,3000,-0.234407,-0.022016,0.0820469,0.875152,0.833847,0.876436,1730,14,-0.761552,20.9181,0.848667,0e67de06dff59a2e
legacy,False,0.05,0.01,1,3000,-0.22897,-0.0345585,0.0686314,-0.0630857,-0.125815,-0.030278,1730,14,-0.337007,1.06268,0.848667,0e67de06dff59a2e
legacy,False,0.05,0.01,2,3000,-0.233311,-0.0393088,0.0244867,-0.0724042,-0.158716,-0.0402111,1730,14,-0.346008,1.11006,0.848667,0e67de06dff59a2e
legacy,False,0.05,0.01,3,3000,-0.306013,-0.0784364,0.0489302,-0.0417889,-0.11619,-0.00334078,1730,14,-0.321092,4.60435,0.848667,0e67de06dff59a2e
legacy,False,0.05,0.01,4,3000,-0.132197,0.0245881,0.120471,-0.0384771,-0.135255,0.00243127,1730,14,-0.332393,0.388853,0.848667,0e67de06dff59a2e
legacy,False,0,0,1,3000,-0.391276,-0.119634,0.052179,-0.063907,-0.191745,-0.0129604,1721,14,-0.343008,0.470969,0.847333,48722ef568432e12
