learner,width_cells,lam,traces,passes,converged,max_abs_error,max_value,goal_value,max_weight
tabular_td0,0.0,0.0,none,185,True,5.084645537944965e-09,0.9999999999999998,0.0,0.9999999999999998
linear_td_lambda,0.125,0.0,replacing,185,True,5.084645593456116e-09,0.9999999999999994,2.5328331098188282e-14,1.0000000000000133
linear_td_lambda,0.125,0.0,accumulating,185,True,5.084645593456116e-09,0.9999999999999994,2.5328331098188282e-14,1.0000000000000133
linear_td_lambda,0.125,0.5,replacing,156,True,5.007894821051906e-09,0.999999999999999,2.5328331098188294e-14,1.0000000000000129
linear_td_lambda,0.125,0.5,accumulating,156,True,5.007894765540755e-09,0.999999999999999,2.532833109818822e-14,1.0000000000000129
linear_td_lambda,0.125,0.9,replacing,113,True,4.0676929602412315e-09,0.9999999999888013,2.5328331097904733e-14,0.9999999999888152
linear_td_lambda,0.125,0.9,accumulating,113,True,4.0676929602412315e-09,0.9999999999888013,2.5328331097904595e-14,0.9999999999888152
linear_td_lambda,0.25,0.0,replacing,185,True,5.001343672539349e-09,0.9999999999999996,0.0006708465016025465,1.0003688975144853
linear_td_lambda,0.25,0.0,accumulating,185,True,5.001343672539349e-09,0.9999999999999996,0.0006708465016025465,1.0003688975144853
linear_td_lambda,0.25,0.5,replacing,156,True,5.046439710554296e-09,0.9999999999999993,0.000670897083461616,1.0003688974975111
linear_td_lambda,0.25,0.5,accumulating,156,True,5.006839720600453e-09,0.9999999999999993,0.0006708465016025446,1.000368897514485
linear_td_lambda,0.25,0.9,replacing,113,True,4.129628139448727e-09,0.9999999999886761,0.0006709375901284887,1.0003688974726004
linear_td_lambda,0.25,0.9,accumulating,113,True,4.085586868818325e-09,0.9999999999887617,0.0006708465015950153,1.000368897503253
linear_td_lambda,0.5,0.0,replacing,206,True,7.144404234882273e-09,0.9999999999683582,0.2597967056531802,1.1323749776286105
linear_td_lambda,0.5,0.0,accumulating,206,True,7.144404234882273e-09,0.9999999999683582,0.2597967056531802,1.1323749776286105
linear_td_lambda,0.5,0.5,replacing,182,True,6.464410562401213e-09,1.0000000000076403,0.26457575666916705,1.1316125303918063
linear_td_lambda,0.5,0.5,accumulating,176,True,8.611217572340735e-09,0.9999999997091021,0.2597967055526068,1.1323749772496725
linear_td_lambda,0.5,0.9,replacing,171,True,1.1095884044909354e-08,0.9999999913045957,0.2705836773849214,1.130654016510951
linear_td_lambda,0.5,0.9,accumulating,186,True,1.1467497729178433e-08,0.9999999947763591,0.2597967032917167,1.1323749690834883
linear_td_lambda,1.0,0.0,replacing,2000,False,0.0016362841035248987,0.9993629634042601,1.0066697843745853,1.2222714865628546
linear_td_lambda,1.0,0.0,accumulating,2000,False,0.0016362841035248987,0.9993629634042601,1.0066697843745853,1.2222714865628546
linear_td_lambda,1.0,0.9,replacing,2000,False,0.0010814977939133108,0.9994160752356817,1.0119561850569576,1.2163636949075802
linear_td_lambda,1.0,0.9,accumulating,2000,False,0.0029297012582195636,0.999249746300263,0.9975476243703099,1.2321608072962693
linear_td_lambda,2.0,0.0,replacing,2000,False,0.00708061166688756,0.9929193883331124,1.0642498642824152,1.2300571048666396
linear_td_lambda,2.0,0.0,accumulating,2000,False,0.00708061166688756,0.9929193883331124,1.0642498642824152,1.2300571048666396
linear_td_lambda,2.0,0.9,replacing,2000,False,0.008314435930679154,0.9916855640693208,1.0618563500938145,1.2210188454095314
linear_td_lambda,2.0,0.9,accumulating,2000,False,0.0074544327225615215,0.9950992836434183,1.065356211848334,1.2133585010347443
